{"engineId":"66a334ec-b82a-4aee-aaff-dce32cedf461","engineName":"Marvel","rdbmsId":"4207ae82-64e8-456c-a8c7-cf11cf82b31f","varstore":{},"frames":[{"file":"@BaseFolder@\\db\\@ENGINE@\\version\\4207ae82-64e8-456c-a8c7-cf11cf82b31f\\FRAME.gz","meta":"@BaseFolder@\\db\\@ENGINE@\\version\\4207ae82-64e8-456c-a8c7-cf11cf82b31f\\METADATA__FRAME.owl","state":null,"type":"prerna.ds.h2.H2Frame","name":"FRAME","keys":["$CUR_FRAME_KEY","FRAME"]}],"panels":[{"panelId":"0","panelLabel":null,"view":"visualization","viewOptions":null,"viewOptionsMap":"{}","ornaments":"{}","events":"{}","comments":"{}","position":"{}","filters":[],"order":[],"cbv":{}}],"tasks":{"tasks":[{"type":"basic","task":{"taskType":"basic","id":"task1","numCollected":500,"internalOffset":0,"taskOptions":"{\"options\":{\"0\":{\"layout\":\"Grid\",\"alignment\":{\"label\":[\"GSM\",\"name_1\",\"HAIR\",\"MARVEL_HEROS\",\"SEX\",\"EYE\",\"FIRST_APPEARANCE\",\"page_id\",\"ALIGN\",\"urlslug\",\"Year\",\"ALIVE\",\"ID\",\"APPEARANCES\"]}}}}","qs":{"qsType":"FRAME","isDistinct":true,"overrideImplicit":false,"limit":0,"offset":0,"relations":"{}","selectors":["COLUMN",{"table":"GSM","column":"PRIM_KEY_PLACEHOLDER","alias":"GSM","tableAlias":null},"COLUMN",{"table":"name_1","column":"PRIM_KEY_PLACEHOLDER","alias":"name_1","tableAlias":null},"COLUMN",{"table":"HAIR","column":"PRIM_KEY_PLACEHOLDER","alias":"HAIR","tableAlias":null},"COLUMN",{"table":"MARVEL_HEROS","column":"PRIM_KEY_PLACEHOLDER","alias":"MARVEL_HEROS","tableAlias":null},"COLUMN",{"table":"SEX","column":"PRIM_KEY_PLACEHOLDER","alias":"SEX","tableAlias":null},"COLUMN",{"table":"EYE","column":"PRIM_KEY_PLACEHOLDER","alias":"EYE","tableAlias":null},"COLUMN",{"table":"FIRST_APPEARANCE","column":"PRIM_KEY_PLACEHOLDER","alias":"FIRST_APPEARANCE","tableAlias":null},"COLUMN",{"table":"page_id","column":"PRIM_KEY_PLACEHOLDER","alias":"page_id","tableAlias":null},"COLUMN",{"table":"ALIGN","column":"PRIM_KEY_PLACEHOLDER","alias":"ALIGN","tableAlias":null},"COLUMN",{"table":"urlslug","column":"PRIM_KEY_PLACEHOLDER","alias":"urlslug","tableAlias":null},"COLUMN",{"table":"Year","column":"PRIM_KEY_PLACEHOLDER","alias":"Year","tableAlias":null},"COLUMN",{"table":"ALIVE","column":"PRIM_KEY_PLACEHOLDER","alias":"ALIVE","tableAlias":null},"COLUMN",{"table":"ID","column":"PRIM_KEY_PLACEHOLDER","alias":"ID","tableAlias":null},"COLUMN",{"table":"APPEARANCES","column":"PRIM_KEY_PLACEHOLDER","alias":"APPEARANCES","tableAlias":null}]}}}],"taskCounter":2},"recipe":["AddPanel ( 0 ) ;","Panel ( 0 ) | SetPanelView ( \"visualization\" ) ;","CreateFrame ( grid ) .as ( [ FRAME ] ) ;","Database ( \"66a334ec-b82a-4aee-aaff-dce32cedf461\" ) | Select ( MARVEL_HEROS__GSM , MARVEL_HEROS__name_1 , MARVEL_HEROS__HAIR , MARVEL_HEROS , MARVEL_HEROS__SEX , MARVEL_HEROS__EYE , MARVEL_HEROS__FIRST_APPEARANCE , MARVEL_HEROS__page_id , MARVEL_HEROS__ALIGN , MARVEL_HEROS__urlslug , MARVEL_HEROS__Year , MARVEL_HEROS__ALIVE , MARVEL_HEROS__ID , MARVEL_HEROS__APPEARANCES ) | Limit ( 500 ) | Import ( ) ;","Frame ( ) | Select ( GSM , name_1 , HAIR , MARVEL_HEROS , SEX , EYE , FIRST_APPEARANCE , page_id , ALIGN , urlslug , Year , ALIVE , ID , APPEARANCES ) | Format ( type = [ 'table' ] ) | TaskOptions ( { \"0\" : { \"layout\" : \"Grid\" , \"alignment\" : { \"label\" : [ \"GSM\" , \"name_1\" , \"HAIR\" , \"MARVEL_HEROS\" , \"SEX\" , \"EYE\" , \"FIRST_APPEARANCE\" , \"page_id\" , \"ALIGN\" , \"urlslug\" , \"Year\" , \"ALIVE\" , \"ID\" , \"APPEARANCES\" ] } } } ) | Collect ( 500 ) ;"]}