{"insightID":"8e0a73a3-cbd5-4de8-a9b7-dec023e1013e","pixelReturn":[{"pixelExpression":"Frame ( ) | Select ( GSM , name_1 , HAIR , MARVEL_HEROS , SEX , EYE , FIRST_APPEARANCE , page_id , ALIGN , urlslug , Year , ALIVE , ID , APPEARANCES ) | Format ( type = [ 'table' ] ) | TaskOptions ( { \"0\" : { \"layout\" : \"Grid\" , \"alignment\" : { \"label\" : [ \"GSM\" , \"name_1\" , \"HAIR\" , \"MARVEL_HEROS\" , \"SEX\" , \"EYE\" , \"FIRST_APPEARANCE\" , \"page_id\" , \"ALIGN\" , \"urlslug\" , \"Year\" , \"ALIVE\" , \"ID\" , \"APPEARANCES\" ] } } } ) | Collect ( 500 ) ;","isMeta":false,"output":{"data":{"values":[["","Dirk_Garthwaite_(Earth-616)","Brown_Hair",249,"Male_Characters","Blue_Eyes","Jan-68",2015,"Bad_Characters","-/Dirk_Garthwaite_(Earth-616)",1968,"Living_Characters","Secret_Identity",164],["","Mary_MacPherran_(Earth-616)","Strawberry_Blond_Hair",385,"Female_Characters","Blue_Eyes","Jul-84",5513,"Bad_Characters","-/Mary_MacPherran_(Earth-616)",1984,"Living_Characters","Secret_Identity",108],["","Thomas_Raymond_(Earth-616)","Black_Hair",98,"Male_Characters","Blue_Eyes","Sep-40",2487,"Good_Characters","-/Thomas_Raymond_(Earth-616)",1940,"Living_Characters","Secret_Identity",373],["","Mantis_(Earth-616)","Black_Hair",263,"Female_Characters","Green_Eyes","Jun-73",2105,"Good_Characters","-/Mantis_(Earth-616)",1973,"Living_Characters","Secret_Identity",156],["","Ororo_Munroe_(Earth-616)","White_Hair",14,"Female_Characters","Blue_Eyes","May-75",2614,"Good_Characters","-/Ororo_Munroe_(Earth-616)",1975,"Living_Characters","Public_Identity",1512],["","Peter_Petruski_(Earth-616)","Bald",275,"Male_Characters","Brown_Eyes","Jan-63",2494,"Bad_Characters","-/Peter_Petruski_(Earth-616)",1963,"Living_Characters","Secret_Identity",150],["","Kull_(Earth-616)","Black_Hair",477,"Male_Characters","Grey_Eyes","Oct-70",56164,"Good_Characters","-/Kull_(Earth-616)",1970,"Living_Characters","Public_Identity",84],["","Keniuchio_Harada_(Earth-616)","Black_Hair",488,"Male_Characters","Brown_Eyes","Jul-74",2555,"Neutral_Characters","-/Keniuchio_Harada_(Earth-616)",1974,"Deceased_Characters","Public_Identity",82],["","Heimdall_(Earth-616)","Brown_Hair",145,"Male_Characters","Grey_Eyes","Oct-62",1808,"Good_Characters","-/Heimdall_(Earth-616)",1962,"Living_Characters","Secret_Identity",270],["","Emil_Blonsky_(Earth-616)","Blond_Hair",362,"Male_Characters","Blue_Eyes","Apr-67",1025,"Bad_Characters","-/Emil_Blonsky_(Earth-616)",1967,"Living_Characters","Secret_Identity",115],["","Phillip_Urich_(Earth-616)","Brown_Hair",424,"Male_Characters","Green_Eyes","Jun-95",4149,"Bad_Characters","-/Phillip_Urich_(Earth-616)",1995,"Living_Characters","Secret_Identity",98],["","Meggan_Puceanu_(Earth-616)","",172,"Female_Characters","","Dec-83",2138,"Good_Characters","-/Meggan_Puceanu_(Earth-616)",1983,"Living_Characters","Secret_Identity",240],["","Uatu_(Earth-616)","Bald",99,"Male_Characters","Blue_Eyes","Apr-63",1572,"Good_Characters","-/Uatu_(Earth-616)",1963,"Deceased_Characters","Public_Identity",373],["","Lemar_Hoskins_(Earth-616)","Black_Hair",472,"Male_Characters","Brown_Eyes","Nov-86",1148,"Good_Characters","-/Lemar_Hoskins_(Earth-616)",1986,"Living_Characters","Secret_Identity",87],["","David_Cannon_(Earth-616)","Brown_Hair",380,"Male_Characters","Blue_Eyes","Dec-63",1984,"Bad_Characters","-/David_Cannon_(Earth-616)",1963,"Living_Characters","Public_Identity",109],["","Samuel_Guthrie_(Earth-616)","Blond_Hair",51,"Male_Characters","Blue_Eyes","Nov-82",1276,"Good_Characters","-/Samuel_Guthrie_(Earth-616)",1982,"Living_Characters","Secret_Identity",657],["","Marrow_(Sarah)_(Earth-616)","Red_Hair",354,"Female_Characters","Blue_Eyes","Sep-94",2110,"Neutral_Characters","-/Marrow_(Sarah)_(Earth-616)",1994,"Living_Characters","Secret_Identity",119],["","Timothy_Dugan_(Earth-616)","Red_Hair",67,"Male_Characters","Blue_Eyes","May-63",1487,"Good_Characters","-/Timothy_Dugan_(Earth-616)",1963,"Deceased_Characters","Public_Identity",517],["","Edwin_Jarvis_(Earth-616)","White_Hair",58,"Male_Characters","Blue_Eyes","Nov-64",1496,"Good_Characters","-/Edwin_Jarvis_(Earth-616)",1964,"Living_Characters","No_Dual_Identity",567],["","Lillian_Crawley_(Earth-616)","Brown_Hair",499,"Female_Characters","Hazel_Eyes","Aug-83",1437,"Good_Characters","-/Lillian_Crawley_(Earth-616)",1983,"Deceased_Characters","Secret_Identity",79],["","Amara_Aquilla_(Earth-616)","Blond_Hair",195,"Female_Characters","Blue_Eyes","Oct-83",10174,"Good_Characters","-/Amara_Aquilla_(Earth-616)",1983,"Living_Characters","Secret_Identity",217],["","Joseph_Robertson_(Earth-616)","White_Hair",41,"Male_Characters","Brown_Eyes","Aug-67",6537,"Good_Characters","-/Joseph_Robertson_(Earth-616)",1967,"Living_Characters","No_Dual_Identity",752],["","Thomas_Halloway_(Earth-616)","White_Hair",307,"Male_Characters","Brown_Eyes","Oct-39",1071,"Good_Characters","-/Thomas_Halloway_(Earth-616)",1939,"Living_Characters","Public_Identity",135],["","Bullseye_(Lester)_(Earth-616)","Blond_Hair",139,"Male_Characters","Blue_Eyes","Mar-76",1256,"Bad_Characters","-/Bullseye_(Lester)_(Earth-616)",1976,"Living_Characters","Secret_Identity",277],["","Morris_Bench_(Earth-616)","Brown_Hair",379,"Male_Characters","Brown_Eyes","Jan-81",9851,"Bad_Characters","-/Morris_Bench_(Earth-616)",1981,"Living_Characters","Public_Identity",110],["","Phoenix_Force_(Earth-616)","No_Hair",183,"","","Oct-76",15511,"Neutral_Characters","-/Phoenix_Force_(Earth-616)",1976,"Deceased_Characters","Secret_Identity",229],["","Jimaine_Szardos_(Earth-616)","Blond_Hair",422,"Female_Characters","Blue_Eyes","Apr-76",2078,"Good_Characters","-/Jimaine_Szardos_(Earth-616)",1976,"Living_Characters","Secret_Identity",98],["","Reed_Richards_(Earth-616)","Brown_Hair",7,"Male_Characters","Brown_Eyes","Nov-61",2166,"Good_Characters","-/Reed_Richards_(Earth-616)",1961,"Living_Characters","Public_Identity",2072],["","Kyle_Richmond_(Earth-616)","Auburn_Hair",185,"Male_Characters","Brown_Eyes","Oct-69",2724,"Good_Characters","-/Kyle_Richmond_(Earth-616)",1969,"Living_Characters","Secret_Identity",227],["","Eugene_Judd_(Earth-616)","Bald",168,"Male_Characters","Brown_Eyes","Aug-83",2309,"Good_Characters","-/Eugene_Judd_(Earth-616)",1983,"Living_Characters","Public_Identity",245],["","James_Woo_(Earth-616)","Black_Hair",364,"Male_Characters","Brown_Eyes","Oct-56",18175,"Good_Characters","-/James_Woo_(Earth-616)",1956,"Living_Characters","Public_Identity",114],["","Tabitha_Smith_(Earth-616)","Blond_Hair",125,"Female_Characters","Blue_Eyes","Nov-85",7630,"Good_Characters","-/Tabitha_Smith_(Earth-616)",1985,"Living_Characters","Secret_Identity",316],["","Miles_Warren_(Earth-616)","No_Hair",254,"Male_Characters","Green_Eyes","Dec-65",1874,"Bad_Characters","-/Miles_Warren_(Earth-616)",1965,"Living_Characters","Secret_Identity",160],["","Adam_Warlock_(Earth-616)","Gold_Hair",160,"Male_Characters","White_Eyes","Sep-67",1029,"Good_Characters","-/Adam_Warlock_(Earth-616)",1967,"Living_Characters","No_Dual_Identity",252],["","Donald_Blake_(Earth-616)","Blond_Hair",239,"Male_Characters","Blue_Eyes","Aug-62",194870,"Good_Characters","-/Donald_Blake_(Earth-616)",1962,"Living_Characters","No_Dual_Identity",170],["","Dragon_Man_(Earth-616)","No_Hair",300,"Male_Characters","Grey_Eyes","Feb-65",1475,"Good_Characters","-/Dragon_Man_(Earth-616)",1965,"Living_Characters","No_Dual_Identity",139],["","Ikaris_(Eternal)_(Earth-616)","Blond_Hair",394,"Male_Characters","Blue_Eyes","Jul-76",1849,"Good_Characters","-/Ikaris_(Eternal)_(Earth-616)",1976,"Living_Characters","Secret_Identity",106],["","Selene_Gallio_(Earth-616)","Black_Hair",456,"Female_Characters","Brown_Eyes","Nov-83",2520,"Bad_Characters","-/Selene_Gallio_(Earth-616)",1983,"Living_Characters","Secret_Identity",92],["","Ichabod_(Earth-616)","White_Hair",500,"Male_Characters","","Dec-48",547405,"Good_Characters","-/Ichabod_(Earth-616)",1948,"Living_Characters","Secret_Identity",78],["","Luke_Cage_(Earth-616)","Black_Hair",38,"Male_Characters","Brown_Eyes","Jun-72",1265,"Good_Characters","-/Luke_Cage_(Earth-616)",1972,"Living_Characters","No_Dual_Identity",856],["","Brock_Rumlow_(Earth-616)","Black_Hair",331,"Male_Characters","Brown_Eyes","Oct-89",4011,"Bad_Characters","-/Brock_Rumlow_(Earth-616)",1989,"Living_Characters","Secret_Identity",126],["","Eric_Koenig_(Earth-616)","Blond_Hair",486,"Male_Characters","Blue_Eyes","Feb-66",18259,"Good_Characters","-/Eric_Koenig_(Earth-616)",1966,"Deceased_Characters","No_Dual_Identity",82],["","Percival_Pinkerton_(Earth-616)","Grey_Hair",320,"Male_Characters","Brown_Eyes","Jul-64",45178,"Good_Characters","-/Percival_Pinkerton_(Earth-616)",1964,"Deceased_Characters","Public_Identity",130],["","Matthew_Murdock_(Earth-616)","Red_Hair",16,"Male_Characters","Blue_Eyes","Apr-64",1396,"Good_Characters","-/Matthew_Murdock_(Earth-616)",1964,"Living_Characters","Public_Identity",1338],["","Edward_Brock_(Earth-616)","Blond_Hair",122,"Male_Characters","Black_Eyes","Sep-86",11857,"Neutral_Characters","-/Edward_Brock_(Earth-616)",1986,"Living_Characters","Public_Identity",318],["","Adolf_Hitler_(Earth-616)","Brown_Hair",286,"Male_Characters","Brown_Eyes","Sep-40",101355,"Bad_Characters","-/Adolf_Hitler_(Earth-616)",1940,"Deceased_Characters","No_Dual_Identity",145],["","Samuel_Wilson_(Earth-616)","Black_Hair",69,"Male_Characters","Brown_Eyes","Sep-69",1613,"Good_Characters","-/Samuel_Wilson_(Earth-616)",1969,"Living_Characters","Public_Identity",512],["","Sersi_(Earth-616)","Black_Hair",178,"Female_Characters","Blue_Eyes","Sep-76",2523,"Good_Characters","-/Sersi_(Earth-616)",1976,"Living_Characters","Secret_Identity",236],["","Louise_Grant_(Earth-616)","Blond_Hair",415,"Female_Characters","Blue_Eyes","Sep-46",3936,"Good_Characters","-/Louise_Grant_(Earth-616)",1946,"Living_Characters","Secret_Identity",99],["","James_Madrox_(Earth-616)","Brown_Hair",144,"Male_Characters","Brown_Eyes","Feb-75",37689,"Good_Characters","-/James_Madrox_(Earth-616)",1975,"Living_Characters","Public_Identity",271],["","Noriko_Ashida_(Earth-616)","Black_Hair",288,"Female_Characters","Brown_Eyes","4-Jan",9819,"Good_Characters","-/Noriko_Ashida_(Earth-616)",2004,"Living_Characters","Secret_Identity",145],["","Jasper_Sitwell_(Earth-616)","Blond_Hair",308,"Male_Characters","Blue_Eyes","May-66",18135,"Good_Characters","-/Jasper_Sitwell_(Earth-616)",1966,"Deceased_Characters","Public_Identity",134],["","Valentina_Allegra_de_Fontaine_(Earth-616)","Black_Hair",231,"Female_Characters","Blue_Eyes","Aug-67",1354,"Neutral_Characters","-/Valentina_Allegra_de_Fontaine_(Earth-616)",1967,"Living_Characters","Secret_Identity",176],["","Steel_(Earth-616)","White_Hair",311,"Male_Characters","","",535259,"Good_Characters","-/Steel_(Earth-616)",null,"Living_Characters","Public_Identity",134],["","The_Wizard_(Earth-616)","Brown_Hair",217,"Male_Characters","Hazel_Eyes","Nov-62",2006,"Bad_Characters","-/The_Wizard_(Earth-616)",1962,"Living_Characters","Public_Identity",189],["","Anya_Corazon_(Earth-616)","Brown_Hair",426,"Female_Characters","Brown_Eyes","4-Aug",3763,"Good_Characters","-/Anya_Corazon_(Earth-616)",2004,"Living_Characters","Public_Identity",98],["","William_Foster_(Earth-616)","Black_Hair",411,"Male_Characters","Brown_Eyes","Sep-66",1183,"","-/William_Foster_(Earth-616)",1966,"Deceased_Characters","Secret_Identity",100],["","Ruth_Aldine_(Earth-616)","Black_Hair",437,"Female_Characters","","5-Jan",16285,"Good_Characters","-/Ruth_Aldine_(Earth-616)",2005,"Living_Characters","Secret_Identity",96],["","Santo_Vaccarro_(Earth-616)","No_Hair",175,"Male_Characters","White_Eyes","3-Sep",15903,"Good_Characters","-/Santo_Vaccarro_(Earth-616)",2003,"Living_Characters","Secret_Identity",238],["","Skaar_(Earth-616)","Black_Hair",459,"Male_Characters","Green_Eyes","8-Jan",86454,"Good_Characters","-/Skaar_(Earth-616)",2008,"Living_Characters","No_Dual_Identity",92],["","Richard_Jones_(Earth-616)","Brown_Hair",57,"Male_Characters","Brown_Eyes","May-62",1896,"Good_Characters","-/Richard_Jones_(Earth-616)",1962,"Living_Characters","Secret_Identity",590],["","MacDonald_Gargan_(Earth-616)","Bald",123,"Male_Characters","Brown_Eyes","Dec-64",2513,"Bad_Characters","-/MacDonald_Gargan_(Earth-616)",1964,"Living_Characters","Secret_Identity",317],["","Nicholas_Fury_(Earth-616)","Brown_Hair",26,"Male_Characters","Brown_Eyes","May-63",1671,"Neutral_Characters","-/Nicholas_Fury_(Earth-616)",1963,"Living_Characters","No_Dual_Identity",1137],["","Sage_(Earth-616)","Black_Hair",237,"Female_Characters","Blue_Eyes","Apr-80",2376,"Good_Characters","-/Sage_(Earth-616)",1980,"Living_Characters","Secret_Identity",172],["","Scott_Summers_(Earth-616)","Brown_Hair",9,"Male_Characters","Brown_Eyes","Sep-63",29481,"Neutral_Characters","-/Scott_Summers_(Earth-616)",1963,"Living_Characters","Public_Identity",1955],["","Wyatt_Wingfoot_(Earth-616)","Black_Hair",351,"Male_Characters","Brown_Eyes","May-66",2002,"Good_Characters","-/Wyatt_Wingfoot_(Earth-616)",1966,"Living_Characters","Public_Identity",119],["","Thor_(Thor_Odinson)","Blond_Hair",5,"Male_Characters","Blue_Eyes","Nov-50",2460,"Good_Characters","-/Thor_(Thor_Odinson)",1950,"Living_Characters","No_Dual_Identity",2258],["","Curtis_Connors_(Earth-616)","No_Hair",162,"Male_Characters","Red_Eyes","Nov-63",2034,"Neutral_Characters","-/Curtis_Connors_(Earth-616)",1963,"Living_Characters","Public_Identity",250],["","Dormammu_(Earth-616)","No_Hair",317,"Male_Characters","Yellow_Eyes","Nov-64",1464,"Bad_Characters","-/Dormammu_(Earth-616)",1964,"Living_Characters","No_Dual_Identity",132],["","Bug_(Earth-616)","Green_Hair",274,"Male_Characters","Yellow_Eyes","Jan-79",15209,"Good_Characters","-/Bug_(Earth-616)",1979,"Living_Characters","Public_Identity",151],["","Ulysses_Klaw_(Earth-616)","Bald",290,"Male_Characters","Red_Eyes","Aug-66",1933,"Bad_Characters","-/Ulysses_Klaw_(Earth-616)",1966,"Deceased_Characters","Public_Identity",143],["","James_Proudstar_(Earth-616)","Black_Hair",120,"Male_Characters","Brown_Eyes","Jun-84",1973,"Good_Characters","-/James_Proudstar_(Earth-616)",1984,"Living_Characters","Secret_Identity",320],["","Robert_Baldwin_(Earth-616)","Blond_Hair",133,"Male_Characters","Blue_Eyes","Sep-88",5708,"Good_Characters","-/Robert_Baldwin_(Earth-616)",1988,"Living_Characters","Secret_Identity",293],["","Henry_Gyrich_(Earth-616)","Red_Hair",242,"Male_Characters","Green_Eyes","Nov-77",1760,"Bad_Characters","-/Henry_Gyrich_(Earth-616)",1977,"Living_Characters","No_Dual_Identity",170],["","Daniel_Ketch_(Earth-616)","Brown_Hair",127,"Male_Characters","Green_Eyes","May-90",1706,"Neutral_Characters","-/Daniel_Ketch_(Earth-616)",1990,"Living_Characters","Secret_Identity",311],["","Walter_Newell_(Earth-616)","Brown_Hair",345,"Male_Characters","Hazel_Eyes","Sep-67",2612,"Good_Characters","-/Walter_Newell_(Earth-616)",1967,"Living_Characters","Public_Identity",121],["","Norman_Harold_Osborn_(Earth-616)","Brown_Hair",457,"Male_Characters","Blue_Eyes","Apr-85",44158,"Bad_Characters","-/Norman_Harold_Osborn_(Earth-616)",1985,"Living_Characters","No_Dual_Identity",92],["","Michael_Morbius_(Earth-616)","Black_Hair",181,"Male_Characters","Red_Eyes","Oct-71",2186,"Neutral_Characters","-/Michael_Morbius_(Earth-616)",1971,"Living_Characters","Secret_Identity",231],["","Rogue_(Anna_Marie)_(Earth-616)","Auburn_Hair",39,"Female_Characters","Green_Eyes","",1677,"Good_Characters","-/Rogue_(Anna_Marie)_(Earth-616)",null,"Living_Characters","Secret_Identity",850],["","Stranger_(Cosmic_Being)_(Earth-616)","White_Hair",497,"Male_Characters","White_Eyes","May-65",2615,"Neutral_Characters","-/Stranger_(Cosmic_Being)_(Earth-616)",1965,"Living_Characters","Secret_Identity",79],["","Galactus_(Earth-616)","No_Hair",88,"Male_Characters","Brown_Eyes","Mar-66",1676,"Neutral_Characters","-/Galactus_(Earth-616)",1966,"Living_Characters","Secret_Identity",390],["","St._John_Allerdyce_(Earth-616)","Blond_Hair",384,"Male_Characters","Blue_Eyes","Jan-81",2317,"Neutral_Characters","-/St._John_Allerdyce_(Earth-616)",1981,"Living_Characters","Secret_Identity",108],["","Richard_Rider_(Earth-616)","Brown_Hair",100,"Male_Characters","Brown_Eyes","Sep-76",2239,"Good_Characters","-/Richard_Rider_(Earth-616)",1976,"Deceased_Characters","Public_Identity",373],["","Angelica_Jones_(Earth-616)","Red_Hair",121,"Female_Characters","Green_Eyes","May-85",1633,"Good_Characters","-/Angelica_Jones_(Earth-616)",1985,"Living_Characters","Known_to_Authorities_Identity",319],["","George_Tarleton_(Earth-616)","Brown_Hair",295,"Male_Characters","White_Eyes","Sep-67",2175,"Bad_Characters","-/George_Tarleton_(Earth-616)",1967,"Living_Characters","Public_Identity",140],["","Scott_Lang_(Earth-616)","Strawberry_Blond_Hair",199,"Male_Characters","Blue_Eyes","Mar-79",1080,"Good_Characters","-/Scott_Lang_(Earth-616)",1979,"Living_Characters","Public_Identity",209],["","David_Lieberman_(Earth-616)","Brown_Hair",252,"Male_Characters","Green_Eyes","Nov-87",19592,"Neutral_Characters","-/David_Lieberman_(Earth-616)",1987,"Deceased_Characters","Secret_Identity",163],["","Michael_Duffy_(Earth-616)","Brown_Hair",485,"Male_Characters","","Mar-41",50902,"Good_Characters","-/Michael_Duffy_(Earth-616)",1941,"Deceased_Characters","Public_Identity",82],["","Jason_Wyngarde_(Earth-616)","Grey_Hair",344,"Male_Characters","Brown_Eyes","Mar-64",2125,"Bad_Characters","-/Jason_Wyngarde_(Earth-616)",1964,"Deceased_Characters","Secret_Identity",121],["","Samuel_Sawyer_(Earth-616)","Grey_Hair",373,"Male_Characters","Blue_Eyes","May-63",2380,"Good_Characters","-/Samuel_Sawyer_(Earth-616)",1963,"Deceased_Characters","Public_Identity",111],["","Azura_(Earth-616)","Blond_Hair",438,"Female_Characters","Blue_Eyes","Aug-40",72375,"Good_Characters","-/Azura_(Earth-616)",1940,"Living_Characters","Secret_Identity",95],["","Ares_(Earth-616)","Brown_Hair",177,"Male_Characters","Brown_Eyes","Apr-49",1095,"Neutral_Characters","-/Ares_(Earth-616)",1949,"Deceased_Characters","Secret_Identity",236],["","James_Rhodes_(Earth-616)","Brown_Hair",66,"Male_Characters","Brown_Eyes","Jan-79",6194,"Good_Characters","-/James_Rhodes_(Earth-616)",1979,"Living_Characters","Secret_Identity",525],["","Veranke_(Earth-616)","Green_Hair",266,"Female_Characters","Green_Eyes","5-Jan",119342,"Bad_Characters","-/Veranke_(Earth-616)",2005,"Deceased_Characters","No_Dual_Identity",156],["","Gorgon_(Earth-616)","Brown_Hair",143,"Male_Characters","Brown_Eyes","Nov-65",1733,"Good_Characters","-/Gorgon_(Earth-616)",1965,"Living_Characters","Secret_Identity",272],["","Madelyne_Pryor_(Earth-616)","Red_Hair",285,"Female_Characters","Green_Eyes","Apr-83",2072,"Bad_Characters","-/Madelyne_Pryor_(Earth-616)",1983,"Living_Characters","Public_Identity",146],["","Grand_Vizier_(Asgard)_(Earth-616)","White_Hair",416,"Male_Characters","","Sep-65",27054,"Good_Characters","-/Grand_Vizier_(Asgard)_(Earth-616)",1965,"Living_Characters","Secret_Identity",99],["","Sabretooth_(Victor_Creed)","Blond_Hair",93,"Male_Characters","Amber_Eyes","Aug-77",2374,"Bad_Characters","-/Sabretooth_(Victor_Creed)",1977,"Living_Characters","Secret_Identity",382],["","Bambina_Arbogast_(Earth-616)","Black_Hair",336,"Female_Characters","Blue_Eyes","Jan-79",22326,"Good_Characters","-/Bambina_Arbogast_(Earth-616)",1979,"Living_Characters","No_Dual_Identity",125],["","Emma_Frost_(Earth-616)","Brown_Hair",36,"Female_Characters","Blue_Eyes","Jan-80",3765,"Neutral_Characters","-/Emma_Frost_(Earth-616)",1980,"Living_Characters","Public_Identity",880],["","Aquaria_Neptunia_(Earth-616)","Blond_Hair",299,"Female_Characters","Blue_Eyes","May-47",39133,"Good_Characters","-/Aquaria_Neptunia_(Earth-616)",1947,"Living_Characters","Secret_Identity",139],["","Madeline_Joyce_(Earth-616)","Brown_Hair",294,"Female_Characters","Blue_Eyes","Nov-43",2164,"Good_Characters","-/Madeline_Joyce_(Earth-616)",1943,"Deceased_Characters","Secret_Identity",140],["","James_Sanders_(Earth-616)","Blond_Hair",445,"Male_Characters","Brown_Eyes","Oct-69",2584,"Neutral_Characters","-/James_Sanders_(Earth-616)",1969,"Living_Characters","Secret_Identity",93],["","Remy_LeBeau_(Earth-616)","Brown_Hair",53,"Male_Characters","Black_Eyeballs","Jul-90",1680,"Good_Characters","-/Remy_LeBeau_(Earth-616)",1990,"Living_Characters","Secret_Identity",636],["","Madison_Jeffries_(Earth-616)","Black_Hair",215,"Male_Characters","Brown_Eyes","Aug-83",1232,"Good_Characters","-/Madison_Jeffries_(Earth-616)",1983,"Living_Characters","No_Dual_Identity",193],["","Mortimer_Toynbee_(Earth-616)","Brown_Hair",198,"Male_Characters","Black_Eyes","Mar-64",2482,"Neutral_Characters","-/Mortimer_Toynbee_(Earth-616)",1964,"Living_Characters","Secret_Identity",210],["","Red_Hulk_(Thaddeus_Ross)","Black_Hair",84,"Male_Characters","Blue_Eyes","May-62",2365,"Neutral_Characters","-/Red_Hulk_(Thaddeus_Ross)",1962,"Living_Characters","Public_Identity",415],["","Douglas_Ramsey_(Earth-616)","Blond_Hair",225,"Male_Characters","Blue_Eyes","Mar-84",1386,"Good_Characters","-/Douglas_Ramsey_(Earth-616)",1984,"Living_Characters","Secret_Identity",181],["","Ophelia_Sarkissian_(Earth-616)","Black_Hair",232,"Female_Characters","Green_Eyes","Feb-69",2065,"Bad_Characters","-/Ophelia_Sarkissian_(Earth-616)",1969,"Living_Characters","Secret_Identity",175],["","Mari_(Earth-616)","Blond_Hair",358,"Female_Characters","Blue_Eyes","Jan-79",54511,"Good_Characters","-/Mari_(Earth-616)",1979,"Living_Characters","Public_Identity",118],["","Jonathan_Storm_(Earth-616)","Blond_Hair",10,"Male_Characters","Blue_Eyes","Nov-61",1837,"Good_Characters","-/Jonathan_Storm_(Earth-616)",1961,"Living_Characters","Public_Identity",1934],["","Harvey_Elder_(Earth-616)","Grey_Hair",247,"Male_Characters","Brown_Eyes","Nov-61",2178,"Bad_Characters","-/Harvey_Elder_(Earth-616)",1961,"Living_Characters","Secret_Identity",164],["","Rita_Wayword_(Earth-616)","Silver_Hair",386,"Female_Characters","White_Eyes","Sep-85",2593,"Neutral_Characters","-/Rita_Wayword_(Earth-616)",1985,"Living_Characters","Secret_Identity",108],["","Luna_Maximoff_(Earth-616)","Blond_Hair",441,"Female_Characters","Blue_Eyes","Mar-82",2050,"Good_Characters","-/Luna_Maximoff_(Earth-616)",1982,"Living_Characters","No_Dual_Identity",95],["","Peter_Wisdom_(Earth-616)","Black_Hair",297,"Male_Characters","Blue_Eyes","Feb-95",2003,"Good_Characters","-/Peter_Wisdom_(Earth-616)",1995,"Living_Characters","No_Dual_Identity",140],["","John_Greycrow_(Earth-616)","Black_Hair",484,"Male_Characters","Grey_Eyes","Oct-86",2506,"Neutral_Characters","-/John_Greycrow_(Earth-616)",1986,"Living_Characters","Secret_Identity",83],["","Bonita_Juarez_(Earth-616)","Black_Hair",495,"Female_Characters","Brown_Eyes","Nov-81",1628,"Good_Characters","-/Bonita_Juarez_(Earth-616)",1981,"Living_Characters","Secret_Identity",80],["","Dwayne_Taylor_(Earth-616)","Black_Hair",243,"Male_Characters","Brown_Eyes","Dec-89",4877,"Good_Characters","-/Dwayne_Taylor_(Earth-616)",1989,"Deceased_Characters","Secret_Identity",169],["","William_Baker_(Earth-616)","Brown_Hair",111,"Male_Characters","Brown_Eyes","Sep-63",2382,"Neutral_Characters","-/William_Baker_(Earth-616)",1963,"Living_Characters","Secret_Identity",338],["","Leech_(Earth-616)","No_Hair",272,"Male_Characters","White_Eyes","Mar-84",1961,"Good_Characters","-/Leech_(Earth-616)",1984,"Living_Characters","Secret_Identity",152],["","Valerie_Cooper_(Earth-616)","Blond_Hair",189,"Female_Characters","Blue_Eyes","Dec-83",1356,"Good_Characters","-/Valerie_Cooper_(Earth-616)",1983,"Living_Characters","Public_Identity",225],["","Bethany_Cabe_(Earth-616)","Red_Hair",423,"Female_Characters","Green_Eyes","Dec-78",1165,"Good_Characters","-/Bethany_Cabe_(Earth-616)",1978,"Living_Characters","No_Dual_Identity",98],["","Hulk_(Robert_Bruce_Banner)","Brown_Hair",8,"Male_Characters","Brown_Eyes","May-62",1833,"Good_Characters","-/Hulk_(Robert_Bruce_Banner)",1962,"Living_Characters","Public_Identity",2017],["","Colleen_Wing_(Earth-616)","Auburn_Hair",233,"Female_Characters","Blue_Eyes","Nov-74",1344,"Good_Characters","-/Colleen_Wing_(Earth-616)",1974,"Living_Characters","Public_Identity",175],["","Barbara_Morse_(Earth-616)","Blond_Hair",103,"Female_Characters","Blue_Eyes","Jun-71",2173,"Good_Characters","-/Barbara_Morse_(Earth-616)",1971,"Living_Characters","Secret_Identity",368],["","Dino_Manelli_(Earth-616)","Black_Hair",303,"Male_Characters","","May-63",83811,"Good_Characters","-/Dino_Manelli_(Earth-616)",1963,"Deceased_Characters","Public_Identity",137],["","Vlad_Dracula_(Earth-616)","White_Hair",191,"Male_Characters","Red_Eyes","Mar-51",1471,"Bad_Characters","-/Vlad_Dracula_(Earth-616)",1951,"Living_Characters","No_Dual_Identity",223],["","Callisto_(Earth-616)","Black_Hair",366,"Female_Characters","Blue_Eyes","May-83",1268,"Neutral_Characters","-/Callisto_(Earth-616)",1983,"Living_Characters","Secret_Identity",114],["","Forge_(Earth-616)","Black_Hair",140,"Male_Characters","Brown_Eyes","Aug-84",119507,"Good_Characters","-/Forge_(Earth-616)",1984,"Living_Characters","Public_Identity",276],["","Gloria_Grant_(Earth-616)","Black_Hair",205,"Female_Characters","Brown_Eyes","Jan-75",18854,"","-/Gloria_Grant_(Earth-616)",1975,"Living_Characters","No_Dual_Identity",202],["","Peter_Parker_(Kaine)_(Earth-616)","Brown_Hair",304,"Male_Characters","Hazel_Eyes","Dec-94",1904,"Good_Characters","-/Peter_Parker_(Kaine)_(Earth-616)",1994,"Living_Characters","Secret_Identity",137],["","X-51_(Earth-616)","Black_Hair",284,"Male_Characters","Red_Eyes","Jul-77",2058,"Good_Characters","-/X-51_(Earth-616)",1977,"Living_Characters","Known_to_Authorities_Identity",146],["","Jeanne-Marie_Beaubier_(Earth-616)","Black_Hair",203,"Female_Characters","Blue_Eyes","Apr-79",1122,"Good_Characters","-/Jeanne-Marie_Beaubier_(Earth-616)",1979,"Living_Characters","Secret_Identity",203],["","James_Bradley_(Earth-616)","Black_Hair",260,"Male_Characters","Blue_Eyes","",25255,"Good_Characters","-/James_Bradley_(Earth-616)",null,"Living_Characters","Secret_Identity",158],["","Erik_Josten_(Earth-616)","Red_Hair",202,"Male_Characters","Brown_Eyes","Oct-65",1117,"Good_Characters","-/Erik_Josten_(Earth-616)",1965,"Living_Characters","Secret_Identity",204],["","Maximus_(Earth-616)","Black_Hair",279,"Male_Characters","Blue_Eyes","Feb-66",79494,"Neutral_Characters","-/Maximus_(Earth-616)",1966,"Living_Characters","Secret_Identity",147],["","Otto_Octavius_(Earth-616)","Brown_Hair",65,"Male_Characters","Hazel_Eyes","Jul-63",1453,"Neutral_Characters","-/Otto_Octavius_(Earth-616)",1963,"Deceased_Characters","Secret_Identity",526],["","Sebastian_Shaw_(Earth-616)","Black_Hair",235,"Male_Characters","Blue_Eyes","Jan-80",1184,"Neutral_Characters","-/Sebastian_Shaw_(Earth-616)",1980,"Living_Characters","No_Dual_Identity",174],["","Frederick_Foswell_(Earth-616)","Brown_Hair",483,"Male_Characters","Blue_Eyes","Mar-64",7997,"Neutral_Characters","-/Frederick_Foswell_(Earth-616)",1964,"Deceased_Characters","Secret_Identity",83],["","Eugene_Thompson_(Earth-616)","Strawberry_Blond_Hair",49,"Male_Characters","Blue_Eyes","Aug-62",8651,"Good_Characters","-/Eugene_Thompson_(Earth-616)",1962,"Living_Characters","Secret_Identity",689],["","Dorma_(Earth-616)","Auburn_Hair",367,"Female_Characters","Blue_Eyes","Oct-39",1463,"Neutral_Characters","-/Dorma_(Earth-616)",1939,"Deceased_Characters","No_Dual_Identity",113],["","Pyreus_Kril_(Earth-616)","Yellow_Hair",417,"Male_Characters","White_Eyes","Jul-74",1632,"Neutral_Characters","-/Pyreus_Kril_(Earth-616)",1974,"Living_Characters","Secret_Identity",99],["","Shiro_Yoshida_(Earth-616)","Black_Hair",257,"Male_Characters","Black_Eyes","Jan-70",2624,"Good_Characters","-/Shiro_Yoshida_(Earth-616)",1970,"Living_Characters","Public_Identity",158],["","Leland_Owlsley_(Earth-616)","Brown_Hair",389,"Male_Characters","Blue_Eyes","Aug-64",1610,"Bad_Characters","-/Leland_Owlsley_(Earth-616)",1964,"Living_Characters","Public_Identity",107],["","Cessily_Kincaid_(Earth-616)","Red_Hair",291,"Female_Characters","Silver_Eyes","3-Aug",15904,"Good_Characters","-/Cessily_Kincaid_(Earth-616)",2003,"Living_Characters","Secret_Identity",143],["","Joseph_Chapman_(Earth-616)","Brown_Hair",474,"Male_Characters","Blue_Eyes","Jan-81",7457,"Good_Characters","-/Joseph_Chapman_(Earth-616)",1981,"Living_Characters","Secret_Identity",86],["","Aleksei_Sytsevich_(Earth-616)","Brown_Hair",174,"Male_Characters","Brown_Eyes","Oct-66",2351,"Bad_Characters","-/Aleksei_Sytsevich_(Earth-616)",1966,"Deceased_Characters","Secret_Identity",239],["","Howard_Hanover_(Earth-616)","Black_Hair",414,"Male_Characters","","",626857,"","-/Howard_Hanover_(Earth-616)",null,"Living_Characters","Public_Identity",100],["","Theresa_Cassidy_(Earth-616)","Red_Hair",146,"Female_Characters","Green_Eyes","Apr-81",2558,"Good_Characters","-/Theresa_Cassidy_(Earth-616)",1981,"Living_Characters","Secret_Identity",267],["","Kurt_Wagner_(Earth-616)","Blue_Hair",30,"Male_Characters","Yellow_Eyes","May-75",2223,"Good_Characters","-/Kurt_Wagner_(Earth-616)",1975,"Living_Characters","Secret_Identity",1047],["","Karnak_(Earth-616)","Black_Hair",157,"Male_Characters","Blue_Eyes","Dec-65",1915,"Good_Characters","-/Karnak_(Earth-616)",1965,"Deceased_Characters","Secret_Identity",257],["","Genis-Vell_(Earth-616)","Blond_Hair",280,"Male_Characters","Blue_Eyes","Oct-93",1287,"Good_Characters","-/Genis-Vell_(Earth-616)",1993,"Deceased_Characters","Public_Identity",147],["","Daniel_Rand_(Earth-616)","Blond_Hair",54,"Male_Characters","Blue_Eyes","May-74",1866,"Good_Characters","-/Daniel_Rand_(Earth-616)",1974,"Living_Characters","Secret_Identity",618],["","Randolph_Robertson_(Earth-616)","Black_Hair",339,"Male_Characters","Brown_Eyes","Dec-68",19518,"Good_Characters","-/Randolph_Robertson_(Earth-616)",1968,"Living_Characters","No_Dual_Identity",124],["","Heather_McNeil_(Earth-616)","Red_Hair",161,"Female_Characters","Green_Eyes","Nov-80",2407,"Neutral_Characters","-/Heather_McNeil_(Earth-616)",1980,"Living_Characters","Public_Identity",252],["","Wilson_Fisk_(Earth-616)","Bald",70,"Male_Characters","Blue_Eyes","Jul-67",1931,"Bad_Characters","-/Wilson_Fisk_(Earth-616)",1967,"Living_Characters","Public_Identity",503],["","Captain_America_(Steven_Rogers)","White_Hair",2,"Male_Characters","Blue_Eyes","Mar-41",7139,"Good_Characters","-/Captain_America_(Steven_Rogers)",1941,"Living_Characters","Public_Identity",3360],["","Robert_Drake_(Earth-616)","Brown_Hair",20,"Male_Characters","Brown_Eyes","Sep-63",35350,"Good_Characters","-/Robert_Drake_(Earth-616)",1963,"Living_Characters","Secret_Identity",1265],["","Elektra_Natchios_(Earth-616)","Black_Hair",138,"Female_Characters","Blue_Eyes","Jan-81",1505,"Neutral_Characters","-/Elektra_Natchios_(Earth-616)",1981,"Living_Characters","Secret_Identity",280],["","Karl_Lykos_(Earth-616)","Brown_Hair",390,"Male_Characters","Brown_Eyes","Aug-69",2389,"Bad_Characters","-/Karl_Lykos_(Earth-616)",1969,"Living_Characters","Secret_Identity",107],["","Clay_Harder_(Earth-616)","Blond_Hair",392,"Male_Characters","Blue_Eyes","Mar-48",15587,"Good_Characters","-/Clay_Harder_(Earth-616)",1948,"Living_Characters","Public_Identity",106],["","Jill_Stacy_(Earth-616)","Black_Hair",431,"Female_Characters","Blue_Eyes","Jan-97",19527,"Neutral_Characters","-/Jill_Stacy_(Earth-616)",1997,"Living_Characters","Public_Identity",97],["","Johann_Shmidt_(Earth-616)","Blond_Hair",95,"Male_Characters","Blue_Eyes","Aug-41",2344,"Bad_Characters","-/Johann_Shmidt_(Earth-616)",1941,"Deceased_Characters","Public_Identity",376],["","Heinrich_Zemo_(Earth-616)","Grey_Hair",361,"Male_Characters","Blue_Eyes","Mar-64",1141,"Bad_Characters","-/Heinrich_Zemo_(Earth-616)",1964,"Deceased_Characters","Public_Identity",115],["","Patricia_Tilby_(Earth-616)","Black_Hair",448,"Female_Characters","Blue_Eyes","Aug-86",2475,"Good_Characters","-/Patricia_Tilby_(Earth-616)",1986,"Living_Characters","Public_Identity",93],["","Beyonder_(Earth-616)","Variable_Hair",493,"Male_Characters","Variable_Eyes","May-84",1167,"Neutral_Characters","-/Beyonder_(Earth-616)",1984,"Living_Characters","Secret_Identity",81],["","Agatha_Harkness_(Earth-616)","White_Hair",341,"Female_Characters","Blue_Eyes","Jan-70",1036,"Good_Characters","-/Agatha_Harkness_(Earth-616)",1970,"Deceased_Characters","No_Dual_Identity",122],["","Jack_Monroe_(Earth-616)","Brown_Hair",293,"Male_Characters","Brown_Eyes","Dec-53",2727,"Good_Characters","-/Jack_Monroe_(Earth-616)",1953,"Deceased_Characters","Public_Identity",141],["","Crystalia_Amaquelin_(Earth-616)","Strawberry_Blond_Hair",68,"Female_Characters","Green_Eyes","Dec-65",1380,"Good_Characters","-/Crystalia_Amaquelin_(Earth-616)",1965,"Living_Characters","Public_Identity",512],["","Cain_Marko_(Earth-616)","Red_Hair",114,"Male_Characters","Blue_Eyes","Jul-65",1901,"Neutral_Characters","-/Cain_Marko_(Earth-616)",1965,"Living_Characters","Public_Identity",329],["","Nico_Minoru_(Earth-616)","Black_Hair",398,"Female_Characters","Brown_Eyes","3-Jul",14469,"Good_Characters","-/Nico_Minoru_(Earth-616)",2003,"Living_Characters","Secret_Identity",105],["","Harold_Osborn_(Earth-616)","Brown_Hair",74,"Male_Characters","Blue_Eyes","Dec-65",1741,"Good_Characters","-/Harold_Osborn_(Earth-616)",1965,"Living_Characters","No_Dual_Identity",474],["","Monica_Rambeau_(Earth-616)","Black_Hair",115,"Female_Characters","Brown_Eyes","",37751,"Good_Characters","-/Monica_Rambeau_(Earth-616)",null,"Living_Characters","Secret_Identity",327],["","Idie_Okonkwo_(Earth-616)","Black_Hair",400,"Female_Characters","Blue_Eyes","10-Nov",389128,"Good_Characters","-/Idie_Okonkwo_(Earth-616)",2010,"Living_Characters","Public_Identity",104],["","Betty_Dean_(Earth-616)","White_Hair",326,"Female_Characters","Blue_Eyes","Jan-40",16003,"Good_Characters","-/Betty_Dean_(Earth-616)",1940,"Deceased_Characters","No_Dual_Identity",127],["","Jean_Grey_(Earth-616)","Red_Hair",28,"Female_Characters","Green_Eyes","Sep-63",65219,"Good_Characters","-/Jean_Grey_(Earth-616)",1963,"Deceased_Characters","Public_Identity",1107],["","Andreas_von_Strucker_(Earth-616)","Blond_Hair",447,"Male_Characters","Blue_Eyes","Jun-85",19841,"Neutral_Characters","-/Andreas_von_Strucker_(Earth-616)",1985,"Deceased_Characters","Secret_Identity",93],["","Lilandra_Neramani_(Earth-616)","Black_Hair",241,"Female_Characters","Orange_Eyes","Feb-76",2024,"Good_Characters","-/Lilandra_Neramani_(Earth-616)",1976,"Deceased_Characters","No_Dual_Identity",170],["","Zelda_DuBois_(Earth-616)","Auburn_Hair",492,"Female_Characters","Green_Eyes","Mar-65",2294,"Bad_Characters","-/Zelda_DuBois_(Earth-616)",1965,"Living_Characters","Public_Identity",81],["","Arcturus_Rann_(Earth-616)","Brown_Hair",363,"Male_Characters","Brown_Eyes","Jan-79",16586,"Good_Characters","-/Arcturus_Rann_(Earth-616)",1979,"Living_Characters","Public_Identity",115],["","Jacqueline_Falsworth_(Earth-616)","Blond_Hair",328,"Female_Characters","Blue_Eyes","Jul-76",2596,"Good_Characters","-/Jacqueline_Falsworth_(Earth-616)",1976,"Living_Characters","Public_Identity",127],["","Attuma_(Earth-616)","Black_Hair",443,"Male_Characters","Brown_Eyes","Dec-64",1120,"Bad_Characters","-/Attuma_(Earth-616)",1964,"Living_Characters","No_Dual_Identity",94],["","Leonard_Samson_(Earth-616)","Green_Hair",152,"Male_Characters","Brown_Eyes","Jul-71",1445,"Good_Characters","-/Leonard_Samson_(Earth-616)",1971,"Deceased_Characters","Public_Identity",260],["","Michiko_Musashi_(Earth-616)","Black_Hair",458,"Female_Characters","Brown_Eyes","Oct-92",2499,"Good_Characters","-/Michiko_Musashi_(Earth-616)",1992,"Living_Characters","Secret_Identity",92],["","Cyclone_(Horse)_(Earth-616)","",439,"Male_Characters","","Mar-48",530817,"Good_Characters","-/Cyclone_(Horse)_(Earth-616)",1948,"Living_Characters","Public_Identity",95],["","Human_Torch_(Android)_(Earth-616)","Blond_Hair",61,"Male_Characters","Blue_Eyes","Oct-39",1836,"Good_Characters","-/Human_Torch_(Android)_(Earth-616)",1939,"Living_Characters","Public_Identity",548],["","Amadeus_Cho_(Earth-616)","Black_Hair",406,"Male_Characters","Black_Eyes","6-Jan",76268,"Good_Characters","-/Amadeus_Cho_(Earth-616)",2006,"Living_Characters","No_Dual_Identity",103],["","Iron_Man_(Anthony_-'Tony-'_Stark)","Black_Hair",4,"Male_Characters","Blue_Eyes","Mar-63",1868,"Good_Characters","-/Iron_Man_(Anthony_%22Tony%22_Stark)",1963,"Living_Characters","Public_Identity",2961],["","Ben_Urich_(Earth-616)","Brown_Hair",117,"Male_Characters","Brown_Eyes","Jul-78",1161,"Good_Characters","-/Ben_Urich_(Earth-616)",1978,"Living_Characters","No_Dual_Identity",324],["","Jonothon_Starsmore_(Earth-616)","Brown_Hair",220,"Male_Characters","Brown_Eyes","Nov-94",1315,"Good_Characters","-/Jonothon_Starsmore_(Earth-616)",1994,"Living_Characters","Secret_Identity",187],["","Arthur_Parks_(Earth-616)","Variable_Hair",468,"Male_Characters","Variable_Eyes","Nov-66",2028,"Bad_Characters","-/Arthur_Parks_(Earth-616)",1966,"Living_Characters","",88],["","Clinton_Barton_(Earth-616)","Blond_Hair",15,"Male_Characters","Blue_Eyes","Sep-64",1803,"Good_Characters","-/Clinton_Barton_(Earth-616)",1964,"Living_Characters","Public_Identity",1394],["","Harold_Hogan_(Earth-616)","Brown_Hair",244,"Male_Characters","Brown_Eyes","Sep-63",7975,"Good_Characters","-/Harold_Hogan_(Earth-616)",1963,"Deceased_Characters","No_Dual_Identity",166],["","Margaret_Carter_(Earth-616)","White_Hair",428,"Female_Characters","Blue_Eyes","Mar-66",1299,"Good_Characters","-/Margaret_Carter_(Earth-616)",1966,"Deceased_Characters","Public_Identity",97],["","Sinthea_Shmidt_(Earth-616)","No_Hair",462,"Female_Characters","Brown_Eyes","Feb-84",24456,"Bad_Characters","-/Sinthea_Shmidt_(Earth-616)",1984,"Living_Characters","Public_Identity",91],["","Susan_Storm_(Earth-616)","Blond_Hair",12,"Female_Characters","Blue_Eyes","Nov-61",1863,"Good_Characters","-/Susan_Storm_(Earth-616)",1961,"Living_Characters","Public_Identity",1713],["","George_Stacy_(Earth-616)","White_Hair",357,"Male_Characters","Blue_Eyes","Jan-68",1780,"Good_Characters","-/George_Stacy_(Earth-616)",1968,"Deceased_Characters","Public_Identity",118],["","Beta_Ray_Bill_(Earth-616)","No_Hair",270,"Male_Characters","White_Eyes","Nov-83",1163,"Good_Characters","-/Beta_Ray_Bill_(Earth-616)",1983,"Living_Characters","No_Dual_Identity",153],["","Tony_Masters_(Earth-616)","Brown_Hair",251,"Male_Characters","Brown_Eyes","May-80",2428,"Neutral_Characters","-/Tony_Masters_(Earth-616)",1980,"Living_Characters","Secret_Identity",163],["","Bastion_(Earth-616)","White_Hair",476,"Male_Characters","Hazel_Eyes","May-96",3891,"Bad_Characters","-/Bastion_(Earth-616)",1996,"Deceased_Characters","Secret_Identity",85],["","Sif_(Earth-616)","Black_Hair",83,"Female_Characters","Blue_Eyes","Mar-64",2550,"Good_Characters","-/Sif_(Earth-616)",1964,"Living_Characters","No_Dual_Identity",422],["","Carl_Creel_(Earth-616)","Bald",204,"Male_Characters","Blue_Eyes","Apr-64",1027,"Bad_Characters","-/Carl_Creel_(Earth-616)",1964,"Living_Characters","Public_Identity",202],["","Christopher_Summers_(Earth-616)","Brown_Hair",378,"Male_Characters","Brown_Eyes","Apr-77",1361,"Good_Characters","-/Christopher_Summers_(Earth-616)",1977,"Living_Characters","Public_Identity",110],["","Warlock_(Technarch)_(Earth-616)","No_Hair",150,"Male_Characters","Black_Eyes","Aug-84",1971,"Good_Characters","-/Warlock_(Technarch)_(Earth-616)",1984,"Living_Characters","Secret_Identity",261],["","Irma_Cuckoo_(Earth-616)","Black_Hair",234,"Female_Characters","Blue_Eyes","1-Nov",57563,"Good_Characters","-/Irma_Cuckoo_(Earth-616)",2001,"Living_Characters","Secret_Identity",175],["","Victor_von_Doom_(Earth-616)","Brown_Hair",44,"Male_Characters","Brown_Eyes","Jul-62",1448,"Bad_Characters","-/Victor_von_Doom_(Earth-616)",1962,"Living_Characters","Public_Identity",721],["","Fandral_(Earth-616)","Blond_Hair",96,"Male_Characters","Blue_Eyes","Aug-65",1616,"Good_Characters","-/Fandral_(Earth-616)",1965,"Deceased_Characters","Secret_Identity",375],["","Jessica_Jones_(Earth-616)","Brown_Hair",211,"Female_Characters","Brown_Eyes","Sep-63",1888,"Good_Characters","-/Jessica_Jones_(Earth-616)",1963,"Living_Characters","No_Dual_Identity",195],["","Roxanne_Simpson_(Earth-616)","",461,"Female_Characters","","Aug-72",19595,"Good_Characters","-/Roxanne_Simpson_(Earth-616)",1972,"Deceased_Characters","Secret_Identity",91],["","Cletus_Kasady_(Earth-616)","No_Hair",323,"Male_Characters","Green_Eyes","Feb-91",37620,"Bad_Characters","-/Cletus_Kasady_(Earth-616)",1991,"Living_Characters","Public_Identity",129],["","Blaine_Colt_(Earth-616)","Blond_Hair",81,"Male_Characters","Blue_Eyes","",67048,"","-/Blaine_Colt_(Earth-616)",null,"Deceased_Characters","Public_Identity",429],["","John_Walker_(Earth-616)","Blond_Hair",108,"Male_Characters","Blue_Eyes","Nov-86",1586,"Good_Characters","-/John_Walker_(Earth-616)",1986,"Living_Characters","Secret_Identity",346],["","Paige_Guthrie_(Earth-616)","Blond_Hair",200,"Female_Characters","Blue_Eyes","Nov-84",1840,"Good_Characters","-/Paige_Guthrie_(Earth-616)",1984,"Living_Characters","Secret_Identity",207],["","Marc_Spector_(Earth-616)","Brown_Hair",90,"Male_Characters","Brown_Eyes","Aug-75",2183,"Good_Characters","-/Marc_Spector_(Earth-616)",1975,"Living_Characters","Secret_Identity",387],["","Wong_(Earth-616)","Bald",129,"Male_Characters","Brown_Eyes","Jul-63",2010,"Good_Characters","-/Wong_(Earth-616)",1963,"Living_Characters","No_Dual_Identity",306],["","Kevin_Plunder_(Earth-616)","Blond_Hair",151,"Male_Characters","Blue_Eyes","Mar-65",1903,"Good_Characters","-/Kevin_Plunder_(Earth-616)",1965,"Living_Characters","Public_Identity",260],["","Julia_Carpenter_(Earth-616)","Strawberry_Blond_Hair",196,"Female_Characters","Blue_Eyes","Oct-84",2590,"Good_Characters","-/Julia_Carpenter_(Earth-616)",1984,"Living_Characters","Secret_Identity",212],["","Norman_Osborn_(Earth-616)","Auburn_Hair",48,"Male_Characters","Blue_Eyes","Jul-64",1740,"Bad_Characters","-/Norman_Osborn_(Earth-616)",1964,"Living_Characters","Public_Identity",692],["","Nathaniel_Essex_(Earth-616)","Black_Hair",267,"Male_Characters","Red_Eyes","Sep-87",2170,"Bad_Characters","-/Nathaniel_Essex_(Earth-616)",1987,"Living_Characters","Secret_Identity",155],["","Karl_Mordo_(Earth-616)","Black_Hair",409,"Male_Characters","Brown_Eyes","Aug-63",1138,"Bad_Characters","-/Karl_Mordo_(Earth-616)",1963,"Deceased_Characters","Secret_Identity",100],["","Eric_Brooks_(Earth-616)","Black_Hair",213,"Male_Characters","Brown_Eyes","Jul-73",1204,"Good_Characters","-/Eric_Brooks_(Earth-616)",1973,"Living_Characters","Public_Identity",194],["","Kavita_Rao_(Earth-616)","Black_Hair",481,"Female_Characters","Brown_Eyes","4-Jul",40339,"Good_Characters","-/Kavita_Rao_(Earth-616)",2004,"Living_Characters","No_Dual_Identity",84],["","Michael_Collins_(Earth-616)","Brown_Hair",449,"Male_Characters","Brown_Eyes","Jul-90",7373,"Good_Characters","-/Michael_Collins_(Earth-616)",1990,"Living_Characters","Secret_Identity",93],["","Clea_(Earth-616)","White_Hair",166,"Female_Characters","Blue_Eyes","Nov-64",1335,"Good_Characters","-/Clea_(Earth-616)",1964,"Living_Characters","No_Dual_Identity",247],["","Mar-Vell_(Earth-616)","Blond_Hair",167,"Male_Characters","Blue_Eyes","Dec-67",1289,"Good_Characters","-/Mar-Vell_(Earth-616)",1967,"Deceased_Characters","Public_Identity",245],["","David_Haller_(Earth-616)","Black_Hair",471,"Male_Characters","Blue_Eyes","Mar-85",1966,"Good_Characters","-/David_Haller_(Earth-616)",1985,"Living_Characters","Secret_Identity",87],["","Vision_(Jonas)_(Earth-616)","No_Hair",355,"Male_Characters","Gold_Eyes","5-Aug",117089,"Good_Characters","-/Vision_(Jonas)_(Earth-616)",2005,"Deceased_Characters","Public_Identity",119],["","Giuletta_Nefaria_(Earth-616)","Black_Hair",277,"Female_Characters","Grey_Eyes","Jan-68",2067,"Bad_Characters","-/Giuletta_Nefaria_(Earth-616)",1968,"Living_Characters","Secret_Identity",149],["","Hammerhead_(Joseph)_(Earth-616)","Black_Hair",360,"Male_Characters","Blue_Eyes","Oct-72",1786,"Bad_Characters","-/Hammerhead_(Joseph)_(Earth-616)",1972,"Living_Characters","Secret_Identity",116],["","Fred_Davis_Jr._(Earth-616)","White_Hair",491,"Male_Characters","Blue_Eyes","Aug-45",1252,"Good_Characters","-/Fred_Davis_Jr._(Earth-616)",1945,"Deceased_Characters","Secret_Identity",81],["","Guido_Carosella_(Earth-616)","Bald",179,"Male_Characters","Brown_Eyes","Jul-85",2617,"Neutral_Characters","-/Guido_Carosella_(Earth-616)",1985,"Living_Characters","Secret_Identity",236],["","Quintavius_Quire_(Earth-616)","Brown_Hair",321,"Male_Characters","Brown_Eyes","3-Jan",7127,"Good_Characters","-/Quintavius_Quire_(Earth-616)",2003,"Living_Characters","Public_Identity",130],["","Vanisher_(Earth-616)","Bald",466,"Male_Characters","Green_Eyes","Nov-63",2395,"Neutral_Characters","-/Vanisher_(Earth-616)",1963,"Living_Characters","Secret_Identity",89],["","Jonathan_Hart_(Earth-616)","Brown_Hair",335,"Male_Characters","Blue_Eyes","Mar-76",1876,"Good_Characters","-/Jonathan_Hart_(Earth-616)",1976,"Living_Characters","Public_Identity",125],["","Alison_Blaire_(Earth-616)","Strawberry_Blond_Hair",106,"Female_Characters","Blue_Eyes","Feb-80",1404,"Good_Characters","-/Alison_Blaire_(Earth-616)",1980,"Living_Characters","Public_Identity",353],["","Blastaar_(Earth-616)","Grey_Hair",435,"Male_Characters","Grey_Eyes","May-67",1207,"Bad_Characters","-/Blastaar_(Earth-616)",1967,"Living_Characters","Secret_Identity",96],["","Sooraya_Qadir_(Earth-616)","Brown_Hair",337,"Female_Characters","Brown_Eyes","2-Dec",1488,"Good_Characters","-/Sooraya_Qadir_(Earth-616)",2002,"Living_Characters","Secret_Identity",125],["","Henry_Pym_(Earth-616)","Blond_Hair",21,"Male_Characters","Blue_Eyes","Jan-62",1557,"Good_Characters","-/Henry_Pym_(Earth-616)",1962,"Living_Characters","Public_Identity",1237],["","Katherine_Power_(Earth-616)","Strawberry_Blond_Hair",396,"Female_Characters","Blue_Eyes","Aug-84",1515,"Good_Characters","-/Katherine_Power_(Earth-616)",1984,"Living_Characters","Secret_Identity",106],["","Surtur_(Earth-616)","Red_Hair",496,"Male_Characters","Yellow_Eyes","Oct-63",2632,"Bad_Characters","-/Surtur_(Earth-616)",1963,"Deceased_Characters","No_Dual_Identity",79],["","George_Washington_Bridge_(Earth-616)","White_Hair",463,"Male_Characters","Brown_Eyes","Aug-91",1240,"Good_Characters","-/George_Washington_Bridge_(Earth-616)",1991,"Deceased_Characters","Secret_Identity",91],["","Volstagg_(Earth-616)","Red_Hair",86,"Male_Characters","Blue_Eyes","Aug-65",2420,"Good_Characters","-/Volstagg_(Earth-616)",1965,"Living_Characters","Public_Identity",406],["","Silhouette_Chord_(Earth-616)","Black_Hair",442,"Female_Characters","Brown_Eyes","Aug-90",5684,"Good_Characters","-/Silhouette_Chord_(Earth-616)",1990,"Living_Characters","Secret_Identity",95],["","Helmut_Zemo_(Earth-616)","Blond_Hair",221,"Male_Characters","Blue_Eyes","Dec-73",1142,"Bad_Characters","-/Helmut_Zemo_(Earth-616)",1973,"Living_Characters","Public_Identity",184],["","Edward_Leeds_(Earth-616)","Brown_Hair",223,"Male_Characters","Blue_Eyes","Nov-64",4368,"Neutral_Characters","-/Edward_Leeds_(Earth-616)",1964,"Deceased_Characters","Secret_Identity",181],["","Marla_Madison_(Earth-616)","Brown_Hair",322,"Female_Characters","Brown_Eyes","Nov-76",1881,"","-/Marla_Madison_(Earth-616)",1976,"Deceased_Characters","No_Dual_Identity",129],["","Hela_(Earth-616)","Black_Hair",240,"Female_Characters","Green_Eyes","Mar-64",1809,"Bad_Characters","-/Hela_(Earth-616)",1964,"Deceased_Characters","Secret_Identity",170],["","Mephisto_(Earth-616)","Black_Hair",124,"Male_Characters","White_Eyes","Dec-68",2146,"Bad_Characters","-/Mephisto_(Earth-616)",1968,"Living_Characters","No_Dual_Identity",316],["","Michael_Twoyoungmen_(Earth-616)","Black_Hair",206,"Male_Characters","Brown_Eyes","Apr-79",2528,"Good_Characters","-/Michael_Twoyoungmen_(Earth-616)",1979,"Living_Characters","Public_Identity",200],["","Peter_Quill_(Earth-616)","Blond_Hair",353,"Male_Characters","Blue_Eyes","Jan-76",31525,"Good_Characters","-/Peter_Quill_(Earth-616)",1976,"Living_Characters","Secret_Identity",119],["","Kallark_(Earth-616)","Blue_Hair",255,"Male_Characters","Blue_Eyes","Oct-77",1715,"Neutral_Characters","-/Kallark_(Earth-616)",1977,"Living_Characters","Public_Identity",160],["","Tandy_Bowen_(Earth-616)","Blond_Hair",192,"Female_Characters","Blue_Eyes","Mar-82",1389,"Good_Characters","-/Tandy_Bowen_(Earth-616)",1982,"Living_Characters","Secret_Identity",222],["","Katherine_Pryde_(Earth-616)","Brown_Hair",33,"Female_Characters","Hazel_Eyes","Jan-80",2527,"Good_Characters","-/Katherine_Pryde_(Earth-616)",1980,"Living_Characters","Secret_Identity",886],["","Elizabeth_Brant_(Earth-616)","Brown_Hair",56,"Female_Characters","Brown_Eyes","Sep-63",1772,"Good_Characters","-/Elizabeth_Brant_(Earth-616)",1963,"Living_Characters","No_Dual_Identity",599],["","Frigga_(Earth-616)","White_Hair",393,"Female_Characters","Blue_Eyes","May-63",1665,"Good_Characters","-/Frigga_(Earth-616)",1963,"Living_Characters","Secret_Identity",106],["","Robert_Reynolds_(Earth-616)","Blond_Hair",173,"Male_Characters","Blue_Eyes","Sep-00",6517,"Neutral_Characters","-/Robert_Reynolds_(Earth-616)",2000,"Living_Characters","Secret_Identity",240],["","Sergei_Kravinoff_(Earth-616)","Black_Hair",219,"Male_Characters","Brown_Eyes","Aug-64",1943,"Bad_Characters","-/Sergei_Kravinoff_(Earth-616)",1964,"Deceased_Characters","Public_Identity",188],["","Abigail_Brand_(Earth-616)","Green_Hair",432,"Female_Characters","Green_Eyes","4-Sep",33266,"Good_Characters","-/Abigail_Brand_(Earth-616)",2004,"Living_Characters","Secret_Identity",97],["","Henry_Camp_(Earth-616)","Black_Hair",352,"Male_Characters","Brown_Eyes","Nov-74",1254,"Bad_Characters","-/Henry_Camp_(Earth-616)",1974,"Deceased_Characters","Public_Identity",119],["","Felicia_Hardy_(Earth-616)","Blond_Hair",113,"Female_Characters","","Jul-79",1180,"Bad_Characters","-/Felicia_Hardy_(Earth-616)",1979,"Living_Characters","Public_Identity",332],["","Max_Eisenhardt_(Earth-616)","Bald",45,"Male_Characters","Grey_Eyes","Sep-63",2081,"Neutral_Characters","-/Max_Eisenhardt_(Earth-616)",1963,"Living_Characters","Public_Identity",709],["","Caliban_(Earth-616)","No_Hair",329,"Male_Characters","Black_Eyes","Aug-81",1267,"Good_Characters","-/Caliban_(Earth-616)",1981,"Deceased_Characters","Secret_Identity",127],["","Amora_(Earth-616)","Blond_Hair",165,"Female_Characters","Green_Eyes","Apr-64",1514,"Bad_Characters","-/Amora_(Earth-616)",1964,"Living_Characters","Public_Identity",247],["","Jane_Foster_(Earth-616)","Brown_Hair",197,"Female_Characters","Blue_Eyes","Sep-62",1654,"Good_Characters","-/Jane_Foster_(Earth-616)",1962,"Living_Characters","No_Dual_Identity",211],["","Wolfgang_von_Strucker_(Earth-616)","Bald",248,"Male_Characters","Blue_Eyes","Jan-64",1140,"Bad_Characters","-/Wolfgang_von_Strucker_(Earth-616)",1964,"Deceased_Characters","Public_Identity",164],["","Blackagar_Boltagon_(Earth-616)","Black_Hair",104,"Male_Characters","Blue_Eyes","Dec-65",1179,"Good_Characters","-/Blackagar_Boltagon_(Earth-616)",1965,"Living_Characters","No_Dual_Identity",366],["","Frank_Payne_(Earth-616)","Bald",309,"Male_Characters","","Jun-77",1352,"Neutral_Characters","-/Frank_Payne_(Earth-616)",1977,"Living_Characters","Secret_Identity",134],["","Lonnie_Lincoln_(Earth-616)","White_Hair",368,"Male_Characters","Pink_Eyes","Mar-88",2484,"Bad_Characters","-/Lonnie_Lincoln_(Earth-616)",1988,"Living_Characters","Public_Identity",113],["","Millicent_Collins_(Earth-616)","Blond_Hair",119,"Female_Characters","Blue_Eyes","Dec-45",100209,"","-/Millicent_Collins_(Earth-616)",1945,"Living_Characters","Public_Identity",321],["","Redwing_(Earth-616)","",245,"Male_Characters","Yellow_Eyes","Sep-69",15257,"","-/Redwing_(Earth-616)",1969,"Living_Characters","Public_Identity",165],["","Hope_Summers_(Earth-616)","Red_Hair",207,"Female_Characters","Green_Eyes","8-Jan",119275,"Good_Characters","-/Hope_Summers_(Earth-616)",2008,"Living_Characters","Secret_Identity",200],["","En_Sabah_Nur_(Earth-616)","Black_Hair",256,"Male_Characters","Red_Eyes","Jun-86",1084,"Bad_Characters","-/En_Sabah_Nur_(Earth-616)",1986,"Deceased_Characters","Public_Identity",160],["","Nightmare_(Earth-616)","Black_Hair",305,"Male_Characters","Black_Eyes","Jul-63",2225,"Bad_Characters","-/Nightmare_(Earth-616)",1963,"Living_Characters","Secret_Identity",136],["","Medusalith_Amaquelin_(Earth-616)","Red_Hair",92,"Female_Characters","Green_Eyes","Mar-65",2137,"Good_Characters","-/Medusalith_Amaquelin_(Earth-616)",1965,"Living_Characters","Public_Identity",382],["","Laura_Kinney_(Earth-616)","Black_Hair",147,"Female_Characters","Green_Eyes","4-Feb",1565,"Good_Characters","-/Laura_Kinney_(Earth-616)",2004,"Living_Characters","Secret_Identity",265],["","Alexander_Summers_(Earth-616)","Blond_Hair",59,"Male_Characters","Blue_Eyes","Mar-69",1802,"Good_Characters","-/Alexander_Summers_(Earth-616)",1969,"Living_Characters","Public_Identity",558],["","Charles_Xavier_(Earth-616)","Bald",22,"Male_Characters","Blue_Eyes","Sep-63",65255,"Good_Characters","-/Charles_Xavier_(Earth-616)",1963,"Deceased_Characters","Public_Identity",1233],["","Thanos_(Earth-616)","No_Hair",130,"Male_Characters","Red_Eyes","Feb-73",2456,"Bad_Characters","-/Thanos_(Earth-616)",1973,"Living_Characters","No_Dual_Identity",306],["","Frederick_Myers_(Earth-616)","Brown_Hair",262,"Male_Characters","Brown_Eyes","Jul-66",1226,"Bad_Characters","-/Frederick_Myers_(Earth-616)",1966,"Living_Characters","Secret_Identity",157],["","Delroy_Garrett_Jr._(Earth-616)","Black_Hair",425,"Male_Characters","Brown_Eyes","Sep-98",2495,"Good_Characters","-/Delroy_Garrett_Jr._(Earth-616)",1998,"Living_Characters","Secret_Identity",98],["","Aragorn_(Earth-616)","White_Hair",325,"Male_Characters","Brown_Eyes","Jan-68",1090,"Good_Characters","-/Aragorn_(Earth-616)",1968,"Living_Characters","No_Dual_Identity",128],["","Paladin_(Earth-616)","Brown_Hair",310,"Male_Characters","Brown_Eyes","Jan-78",2245,"Neutral_Characters","-/Paladin_(Earth-616)",1978,"Living_Characters","Secret_Identity",134],["","Piotr_Rasputin_(Earth-616)","Black_Hair",24,"Male_Characters","Blue_Eyes","May-75",1346,"Good_Characters","-/Piotr_Rasputin_(Earth-616)",1975,"Living_Characters","Secret_Identity",1162],["","Vance_Astrovik_(Earth-616)","Brown_Hair",134,"Male_Characters","Hazel_Eyes","Jul-75",1902,"Good_Characters","-/Vance_Astrovik_(Earth-616)",1975,"Living_Characters","Public_Identity",290],["","Elizabeth_Twoyoungmen_(Earth-616)","Black_Hair",402,"Female_Characters","Brown_Eyes","Dec-83",5464,"Good_Characters","-/Elizabeth_Twoyoungmen_(Earth-616)",1983,"Living_Characters","Secret_Identity",103],["","Elvin_Haliday_(Earth-616)","Bald",259,"Male_Characters","Brown_Eyes","Nov-90",5398,"Good_Characters","-/Elvin_Haliday_(Earth-616)",1990,"Living_Characters","Secret_Identity",158],["","Klaus_Voorhees_(Earth-616)","Bald",465,"Male_Characters","Blue_Eyes","Nov-63",1341,"Bad_Characters","-/Klaus_Voorhees_(Earth-616)",1963,"Living_Characters","Public_Identity",89],["","Ghost_(Earth-616)","Brown_Hair",430,"Male_Characters","Blue_Eyes","Jun-87",1703,"Neutral_Characters","-/Ghost_(Earth-616)",1987,"Living_Characters","Secret_Identity",97],["","Jeffrey_Mace_(Earth-616)","Black_Hair",298,"Male_Characters","Blue_Eyes","Dec-40",10309,"Good_Characters","-/Jeffrey_Mace_(Earth-616)",1940,"Deceased_Characters","Secret_Identity",139],["","Ronan_(Earth-616)","Brown_Hair",306,"Male_Characters","Blue_Eyes","Aug-67",2362,"Neutral_Characters","-/Ronan_(Earth-616)",1967,"Living_Characters","No_Dual_Identity",136],["","Dominikos_Petrakis_(Earth-616)","Brown_Hair",383,"Male_Characters","Brown_Eyes","Jan-81",1124,"Neutral_Characters","-/Dominikos_Petrakis_(Earth-616)",1981,"Deceased_Characters","Secret_Identity",108],["","Sharon_Ventura_(Earth-616)","Red_Hair",397,"Female_Characters","Blue_Eyes","Sep-85",7628,"Good_Characters","-/Sharon_Ventura_(Earth-616)",1985,"Living_Characters","Secret_Identity",105],["","Paul_Duval_(Earth-616)","Brown_Hair",434,"Male_Characters","Blue_Eyes","Aug-64",1745,"Bad_Characters","-/Paul_Duval_(Earth-616)",1964,"Living_Characters","Secret_Identity",96],["","Zabu_(Earth-616)","Orange_Hair",180,"Male_Characters","Green_Eyes","Mar-65",1533,"Good_Characters","-/Zabu_(Earth-616)",1965,"Living_Characters","Public_Identity",234],["","Chen_Lu_(Earth-616)","Bald",289,"Male_Characters","Brown_Eyes","Jun-63",2320,"Bad_Characters","-/Chen_Lu_(Earth-616)",1963,"Living_Characters","Secret_Identity",144],["","Supreme_Intelligence_(Earth-616)","Green_Hair",324,"Male_Characters","Yellow_Eyes","Aug-67",10485,"Neutral_Characters","-/Supreme_Intelligence_(Earth-616)",1967,"Living_Characters","No_Dual_Identity",128],["","Patricia_Walker_(Earth-616)","Red_Hair",60,"Female_Characters","Blue_Eyes","Nov-44",1811,"Good_Characters","-/Patricia_Walker_(Earth-616)",1944,"Living_Characters","Secret_Identity",550],["","Brian_Calusky_(Earth-616)","Blond_Hair",313,"Male_Characters","Blue_Eyes","Nov-74",2737,"Bad_Characters","-/Brian_Calusky_(Earth-616)",1974,"Living_Characters","Public_Identity",133],["","Shang-Chi_(Earth-616)","Black_Hair",131,"Male_Characters","Brown_Eyes","Dec-73",15282,"Good_Characters","-/Shang-Chi_(Earth-616)",1973,"Living_Characters","No_Dual_Identity",296],["","Sean_Cassidy_(Earth-616)","Strawberry_Blond_Hair",97,"Male_Characters","Green_Eyes","Jan-67",1131,"Neutral_Characters","-/Sean_Cassidy_(Earth-616)",1967,"Living_Characters","Secret_Identity",374],["","Jack_Russell_(Earth-616)","Red_Hair",229,"Male_Characters","Blue_Eyes","Feb-72",1981,"Good_Characters","-/Jack_Russell_(Earth-616)",1972,"Living_Characters","Secret_Identity",178],["","Wolverine_(James_-'Logan-'_Howlett)","Black_Hair",3,"Male_Characters","Blue_Eyes","Oct-74",64786,"Neutral_Characters","-/Wolverine_(James_%22Logan%22_Howlett)",1974,"Living_Characters","Public_Identity",3061],["","Odin_Borson_(Earth-616)","White_Hair",71,"Male_Characters","Blue_Eyes","Oct-62",1596,"Neutral_Characters","-/Odin_Borson_(Earth-616)",1962,"Living_Characters","Public_Identity",502],["","Ulik_(Earth-616)","Brown_Hair",460,"Male_Characters","Brown_Eyes","Feb-67",1573,"Bad_Characters","-/Ulik_(Earth-616)",1967,"Deceased_Characters","Public_Identity",91],["","Nathan_Summers_(Earth-616)","White_Hair",55,"Male_Characters","Blue_Eyes","Jan-86",32498,"Neutral_Characters","-/Nathan_Summers_(Earth-616)",1986,"Living_Characters","Public_Identity",612],["","Janet_van_Dyne_(Earth-616)","Auburn_Hair",27,"Female_Characters","Blue_Eyes","Jun-63",1976,"Good_Characters","-/Janet_van_Dyne_(Earth-616)",1963,"Living_Characters","Public_Identity",1120],["","Charlie_Cluster-7_(Earth-616)","Black_Hair",372,"Male_Characters","Blue_Eyes","2-Aug",1618,"Neutral_Characters","-/Charlie_Cluster-7_(Earth-616)",2002,"Living_Characters","Secret_Identity",112],["","Annihilus_(Earth-616)","No_Hair",333,"Male_Characters","Green_Eyes","Nov-68",1078,"Neutral_Characters","-/Annihilus_(Earth-616)",1968,"Living_Characters","No_Dual_Identity",125],["","Anna_May_(Earth-616)","White_Hair",190,"Female_Characters","Blue_Eyes","Aug-64",8844,"Good_Characters","-/Anna_May_(Earth-616)",1964,"Living_Characters","No_Dual_Identity",224],["","Burglar_(Earth-616)","Blond_Hair",302,"Male_Characters","Blue_Eyes","Aug-62",7991,"Bad_Characters","-/Burglar_(Earth-616)",1962,"Deceased_Characters","Public_Identity",137],["","Raza_Longknife_(Earth-616)","Orange_Hair",454,"Male_Characters","One_Eye","Oct-77",2336,"Neutral_Characters","-/Raza_Longknife_(Earth-616)",1977,"Living_Characters","Secret_Identity",92],["","Mary_Jane_Watson_(Earth-616)","Red_Hair",18,"Female_Characters","Green_Eyes","Jun-65",1978,"Good_Characters","-/Mary_Jane_Watson_(Earth-616)",1965,"Living_Characters","No_Dual_Identity",1304],["","Makkari_(Earth-616)","Strawberry_Blond_Hair",318,"Male_Characters","Blue_Eyes","Aug-40",2088,"Good_Characters","-/Makkari_(Earth-616)",1940,"Living_Characters","Secret_Identity",131],["","Mercedes_Knight_(Earth-616)","Black_Hair",155,"Female_Characters","Brown_Eyes","Mar-72",1935,"Good_Characters","-/Mercedes_Knight_(Earth-616)",1972,"Living_Characters","Public_Identity",259],["","Melissa_Gold_(Earth-616)","Blond_Hair",153,"Female_Characters","Green_Eyes","Aug-79",2582,"Good_Characters","-/Melissa_Gold_(Earth-616)",1979,"Living_Characters","Secret_Identity",260],["","Robert_Frank_(Earth-616)","Grey_Hair",401,"Male_Characters","Brown_Eyes","Aug-41",1990,"Good_Characters","-/Robert_Frank_(Earth-616)",1941,"Deceased_Characters","Secret_Identity",103],["","Narya_(Earth-616)","Blond_Hair",301,"Female_Characters","White_Eyes","Apr-79",2577,"Good_Characters","-/Narya_(Earth-616)",1979,"Living_Characters","Secret_Identity",138],["","Carol_Danvers_(Earth-616)","Blond_Hair",34,"Female_Characters","Blue_Eyes","Mar-68",1970,"Good_Characters","-/Carol_Danvers_(Earth-616)",1968,"Living_Characters","Public_Identity",881],["","Elijah_Bradley_(Earth-616)","Bald",420,"Male_Characters","Brown_Eyes","5-Apr",6638,"Good_Characters","-/Elijah_Bradley_(Earth-616)",2005,"Living_Characters","Secret_Identity",99],["","Night_Raven_(Vigilante)_(Earth-616)","Bald",480,"Male_Characters","Grey_Eyes","Mar-79",16587,"Good_Characters","-/Night_Raven_(Vigilante)_(Earth-616)",1979,"Living_Characters","Secret_Identity",84],["","Alicia_Masters_(Earth-616)","Strawberry_Blond_Hair",132,"Female_Characters","Brown_Eyes","Nov-62",4704,"Good_Characters","-/Alicia_Masters_(Earth-616)",1962,"Living_Characters","No_Dual_Identity",293],["","Groot_(Earth-616)","No_Hair",450,"Male_Characters","Black_Eyes","Nov-60",17514,"Good_Characters","-/Groot_(Earth-616)",1960,"Living_Characters","No_Dual_Identity",92],["","Lorna_Dane_(Earth-616)","Green_Hair",80,"Female_Characters","Green_Eyes","Oct-68",2278,"Good_Characters","-/Lorna_Dane_(Earth-616)",1968,"Living_Characters","Secret_Identity",433],["","Yao_(Earth-616)","Bald",340,"Male_Characters","Brown_Eyes","Jun-61",1068,"Good_Characters","-/Yao_(Earth-616)",1961,"Living_Characters","Secret_Identity",122],["","Prosh_(Earth-616)","No_Hair",381,"","Variable_Eyes","Jan-88",2300,"Good_Characters","-/Prosh_(Earth-616)",1988,"Living_Characters","Secret_Identity",109],["","Jacques_Duquesne_(Earth-616)","Black_Hair",374,"Male_Characters","Blue_Eyes","Aug-65",2635,"Good_Characters","-/Jacques_Duquesne_(Earth-616)",1965,"Living_Characters","Known_to_Authorities_Identity",111],["","Jennifer_Walters_(Earth-616)","Brown_Hair",35,"Female_Characters","Green_Eyes","Feb-80",37690,"Good_Characters","-/Jennifer_Walters_(Earth-616)",1980,"Living_Characters","Public_Identity",881],["","Celeste_Cuckoo_(Earth-616)","Blond_Hair",230,"Female_Characters","Blue_Eyes","1-Nov",39972,"Good_Characters","-/Celeste_Cuckoo_(Earth-616)",2001,"Living_Characters","Secret_Identity",177],["","Nathan_Lubensky_(Earth-616)","White_Hair",470,"Male_Characters","Blue_Eyes","Oct-80",19541,"Good_Characters","-/Nathan_Lubensky_(Earth-616)",1980,"Deceased_Characters","Public_Identity",87],["","Eliot_Franklin_(Thunderball)_(Earth-616)","Black_Hair",283,"Male_Characters","Brown_Eyes","Nov-74",9967,"Bad_Characters","-/Eliot_Franklin_(Thunderball)_(Earth-616)",1974,"Living_Characters","Public_Identity",146],["","Eric_Masterson_(Earth-616)","Blond_Hair",208,"Male_Characters","Blue_Eyes","May-88",2470,"Good_Characters","-/Eric_Masterson_(Earth-616)",1988,"Deceased_Characters","Secret_Identity",198],["","Adrian_Toomes_(Earth-616)","Bald",164,"Male_Characters","Hazel_Eyes","May-63",2421,"Bad_Characters","-/Adrian_Toomes_(Earth-616)",1963,"Living_Characters","Public_Identity",248],["","Danger_(Earth-616)","No_Hair",404,"Female_Characters","","5-Mar",120752,"Good_Characters","-/Danger_(Earth-616)",2005,"Living_Characters","No_Dual_Identity",103],["","Arthur_Maddicks_(Earth-616)","No_Hair",314,"Male_Characters","White_Eyes","Mar-86",2064,"Good_Characters","-/Arthur_Maddicks_(Earth-616)",1986,"Living_Characters","No_Dual_Identity",133],["","Angelo_Espinosa_(Earth-616)","Black_Hair",387,"Male_Characters","Brown_Eyes","Oct-94",2561,"Good_Characters","-/Angelo_Espinosa_(Earth-616)",1994,"Deceased_Characters","Secret_Identity",108],["","Jack_Tarr_(Earth-616)","Black_Hair",342,"Male_Characters","Black_Eyes","Apr-74",5395,"","-/Jack_Tarr_(Earth-616)",1974,"Living_Characters","Secret_Identity",122],["","James_Hudson_(Earth-616)","Black_Hair",253,"Male_Characters","Brown_Eyes","Feb-78",1756,"Good_Characters","-/James_Hudson_(Earth-616)",1978,"Living_Characters","Secret_Identity",161],["","Peter_Parker_(Ben_Reilly)_(Earth-616)","Blond_Hair",149,"Male_Characters","Hazel_Eyes","Oct-75",2511,"Good_Characters","-/Peter_Parker_(Ben_Reilly)_(Earth-616)",1975,"Deceased_Characters","Secret_Identity",263],["","Arthur_Douglas_(Earth-616)","Brown_Hair",148,"Male_Characters","Blue_Eyes","Feb-73",33447,"Good_Characters","-/Arthur_Douglas_(Earth-616)",1973,"Living_Characters","Secret_Identity",264],["","Zheng_Zu_(Earth-616)","Black_Hair",487,"Male_Characters","Green_Eyes","Dec-73",15203,"Bad_Characters","-/Zheng_Zu_(Earth-616)",1973,"Deceased_Characters","Secret_Identity",82],["","Eric_Williams_(Earth-616)","Grey_Hair",452,"Male_Characters","Blue_Eyes","May-68",1748,"Bad_Characters","-/Eric_Williams_(Earth-616)",1968,"Living_Characters","Public_Identity",92],["","Warren_Worthington_III_(Earth-616)","Blond_Hair",23,"Male_Characters","Blue_Eyes","Sep-63",1073,"Good_Characters","-/Warren_Worthington_III_(Earth-616)",1963,"Living_Characters","Public_Identity",1230],["","Dane_Whitman_(Earth-616)","Brown_Hair",73,"Male_Characters","Brown_Eyes","Dec-67",1187,"Good_Characters","-/Dane_Whitman_(Earth-616)",1967,"Living_Characters","Secret_Identity",478],["","Frederick_Dukes_(Earth-616)","Brown_Hair",212,"Male_Characters","Brown_Eyes","Jan-64",1215,"Bad_Characters","-/Frederick_Dukes_(Earth-616)",1964,"Living_Characters","Public_Identity",194],["","Satana_Hellstrom_(Earth-616)","Red_Hair",478,"Female_Characters","Red_Eyes","Oct-73",2385,"Bad_Characters","-/Satana_Hellstrom_(Earth-616)",1973,"Living_Characters","No_Dual_Identity",84],["","Matthew_Hawk_(Earth-616)","Brown_Hair",210,"Male_Characters","Blue_Eyes","Nov-62",2501,"Good_Characters","-/Matthew_Hawk_(Earth-616)",1962,"Deceased_Characters","Secret_Identity",195],["","Clive_Reston_(Earth-616)","Grey_Hair",399,"Male_Characters","Blue_Eyes","Mar-75",29110,"","-/Clive_Reston_(Earth-616)",1975,"Living_Characters","Public_Identity",104],["","Venom_(Symbiote)_(Earth-616)","No_Hair",107,"Agender_Characters","Variable_Eyes","May-84",18186,"Neutral_Characters","-/Venom_(Symbiote)_(Earth-616)",1984,"Living_Characters","Known_to_Authorities_Identity",348],["","Leiko_Wu_(Earth-616)","Black_Hair",412,"Female_Characters","Blue_Eyes","Oct-75",18648,"Good_Characters","-/Leiko_Wu_(Earth-616)",1975,"Deceased_Characters","Secret_Identity",100],["","Jubilation_Lee_(Earth-616)","Black_Hair",85,"Female_Characters","Brown_Eyes","May-89",1900,"Good_Characters","-/Jubilation_Lee_(Earth-616)",1989,"Living_Characters","Secret_Identity",408],["","Kyle_Gibney_(Earth-616)","Blond_Hair",292,"Male_Characters","Blue_Eyes","Aug-83",5592,"Neutral_Characters","-/Kyle_Gibney_(Earth-616)",1983,"Deceased_Characters","Secret_Identity",142],["","Monet_St._Croix_(Earth-616)","Black_Hair",193,"Female_Characters","Brown_Eyes","Nov-94",2054,"Good_Characters","-/Monet_St._Croix_(Earth-616)",1994,"Living_Characters","No_Dual_Identity",221],["","Moira_Kinross_(Earth-616)","Brown_Hair",156,"Female_Characters","Blue_Eyes","Dec-75",2060,"Good_Characters","-/Moira_Kinross_(Earth-616)",1975,"Deceased_Characters","No_Dual_Identity",259],["","Hisako_Ichiki_(Earth-616)","Black_Hair",281,"Female_Characters","Black_Eyes","4-Oct",16501,"Good_Characters","-/Hisako_Ichiki_(Earth-616)",2004,"Living_Characters","Secret_Identity",147],["","Rom_(Earth-616)","Black_Hair",455,"Male_Characters","Blue_Eyes","Dec-79",2360,"Good_Characters","-/Rom_(Earth-616)",1979,"Living_Characters","Public_Identity",92],["","Karen_Page_(Earth-616)","Blond_Hair",186,"Female_Characters","Blue_Eyes","Apr-64",1911,"Good_Characters","-/Karen_Page_(Earth-616)",1964,"Deceased_Characters","No_Dual_Identity",226],["","Benjamin_Grimm_(Earth-616)","No_Hair",6,"Male_Characters","Blue_Eyes","Nov-61",2458,"Good_Characters","-/Benjamin_Grimm_(Earth-616)",1961,"Living_Characters","Public_Identity",2255],["","Joshua_Foley_(Earth-616)","Blond_Hair",408,"Male_Characters","Blue_Eyes","3-Nov",1509,"Good_Characters","-/Joshua_Foley_(Earth-616)",2003,"Living_Characters","Secret_Identity",101],["","Carlie_Cooper_(Earth-616)","Brown_Hair",433,"Female_Characters","Blue_Eyes","8-Jan",107154,"Good_Characters","-/Carlie_Cooper_(Earth-616)",2008,"Living_Characters","No_Dual_Identity",97],["","Franklin_Nelson_(Earth-616)","Bald",63,"Male_Characters","Blue_Eyes","Apr-64",1643,"Good_Characters","-/Franklin_Nelson_(Earth-616)",1964,"Living_Characters","No_Dual_Identity",528],["","Pietro_Maximoff_(Earth-616)","Silver_Hair",42,"Male_Characters","Blue_Eyes","Mar-64",1592,"Good_Characters","-/Pietro_Maximoff_(Earth-616)",1964,"Living_Characters","Public_Identity",740],["","Spider-Man_(Peter_Parker)","Brown_Hair",1,"Male_Characters","Hazel_Eyes","Aug-62",1678,"Good_Characters","-/Spider-Man_(Peter_Parker)",1962,"Living_Characters","Secret_Identity",4043],["","Namorita_Prentiss_(Earth-616)","Blond_Hair",158,"Female_Characters","Blue_Eyes","Jun-72",2204,"Good_Characters","-/Namorita_Prentiss_(Earth-616)",1972,"Deceased_Characters","Public_Identity",257],["","Mandarin_(Earth-616)","Black_Hair",216,"Male_Characters","Blue_Eyes","Feb-64",2099,"Bad_Characters","-/Mandarin_(Earth-616)",1964,"Deceased_Characters","Secret_Identity",190],["","Norrin_Radd_(Earth-616)","Bald",47,"Male_Characters","Blue_Eyes","Mar-66",2556,"Good_Characters","-/Norrin_Radd_(Earth-616)",1966,"Living_Characters","Public_Identity",696],["","Lockheed_(Earth-616)","No_Hair",154,"Male_Characters","","Feb-83",2037,"Good_Characters","-/Lockheed_(Earth-616)",1983,"Living_Characters","Secret_Identity",260],["","Alexander_Power_(Earth-616)","Blond_Hair",209,"Male_Characters","Blue_Eyes","Aug-84",1544,"Good_Characters","-/Alexander_Power_(Earth-616)",1984,"Living_Characters","Secret_Identity",197],["","Stephen_Strange_(Earth-616)","Black_Hair",17,"Male_Characters","Grey_Eyes","Jul-63",55534,"Good_Characters","-/Stephen_Strange_(Earth-616)",1963,"Living_Characters","Public_Identity",1307],["","Katherine_Bishop_(Earth-616)","Black_Hair",343,"Female_Characters","Blue_Eyes","5-Apr",6635,"Good_Characters","-/Katherine_Bishop_(Earth-616)",2005,"Living_Characters","Public_Identity",122],["","Pip_Gofern_(Earth-616)","Red_Hair",250,"Male_Characters","Green_Eyes","Apr-75",2271,"Good_Characters","-/Pip_Gofern_(Earth-616)",1975,"Living_Characters","Secret_Identity",163],["","Samuel_Sterns_(Earth-616)","Black_Hair",271,"Male_Characters","Red_Eyes","Dec-64",1958,"Bad_Characters","-/Samuel_Sterns_(Earth-616)",1964,"Deceased_Characters","Public_Identity",152],["","Hedy_Wolfe_(Earth-616)","Black_Hair",315,"Female_Characters","Hazel_Eyes","Nov-44",18656,"","-/Hedy_Wolfe_(Earth-616)",1944,"Living_Characters","No_Dual_Identity",132],["","Glenn_Talbot_(Earth-616)","Brown_Hair",273,"Male_Characters","Blue_Eyes","Nov-64",2422,"Neutral_Characters","-/Glenn_Talbot_(Earth-616)",1964,"Deceased_Characters","No_Dual_Identity",151],["","Neena_Thurman_(Earth-616)","Black_Hair",128,"Female_Characters","Blue_Eyes","Mar-92",1460,"Good_Characters","-/Neena_Thurman_(Earth-616)",1992,"Living_Characters","Secret_Identity",310],["","Sharon_Carter_(Earth-616)","Blond_Hair",112,"Female_Characters","Blue_Eyes","Mar-66",1300,"Good_Characters","-/Sharon_Carter_(Earth-616)",1966,"Living_Characters","Public_Identity",332],["","Tyrone_Johnson_(Earth-616)","Black_Hair",187,"Male_Characters","Brown_Eyes","Mar-82",1336,"Good_Characters","-/Tyrone_Johnson_(Earth-616)",1982,"Living_Characters","Secret_Identity",226],["","Sally_Blevins_(Earth-616)","Blond_Hair",444,"Female_Characters","Blue_Eyes","Aug-86",2560,"Good_Characters","-/Sally_Blevins_(Earth-616)",1986,"Living_Characters","Secret_Identity",94],["","Lyja_(Earth-616)","Green_Hair",349,"Female_Characters","Green_Eyes","Apr-84",68317,"Neutral_Characters","-/Lyja_(Earth-616)",1984,"Living_Characters","Secret_Identity",120],["","Anthony_Druid_(Earth-616)","Black_Hair",268,"Male_Characters","Green_Eyes","Jun-61",1450,"Good_Characters","-/Anthony_Druid_(Earth-616)",1961,"Deceased_Characters","Public_Identity",153],["","Roberto_da_Costa_(Earth-616)","Black_Hair",77,"Male_Characters","Brown_Eyes","Nov-82",2626,"Good_Characters","-/Roberto_da_Costa_(Earth-616)",1982,"Living_Characters","Secret_Identity",464],["","Benjamin_Parker_(Earth-616)","Brown_Hair",201,"Male_Characters","Blue_Eyes","Aug-62",8648,"Good_Characters","-/Benjamin_Parker_(Earth-616)",1962,"Deceased_Characters","No_Dual_Identity",205],["","Matthew_Masters_(Earth-616)","Black_Hair",440,"Male_Characters","","Dec-48",239980,"Good_Characters","-/Matthew_Masters_(Earth-616)",1948,"Living_Characters","Secret_Identity",95],["","Herbert_Wyndham_(Earth-616)","Brown_Hair",227,"Male_Characters","Brown_Eyes","Nov-66",1822,"Neutral_Characters","-/Herbert_Wyndham_(Earth-616)",1966,"Living_Characters","Secret_Identity",179],["","Lockjaw_(Earth-616)","Brown_Hair",159,"Male_Characters","Brown_Eyes","Dec-65",2038,"Good_Characters","-/Lockjaw_(Earth-616)",1965,"Living_Characters","Secret_Identity",255],["","Parker_Robbins_(Earth-616)","Brown_Hair",347,"Male_Characters","Brown_Eyes","2-Jul",27860,"Bad_Characters","-/Parker_Robbins_(Earth-616)",2002,"Living_Characters","Secret_Identity",121],["","Jason_Macendale_Jr._(Earth-616)","Black_Hair",391,"Male_Characters","Brown_Eyes","Feb-81",1877,"Bad_Characters","-/Jason_Macendale_Jr._(Earth-616)",1981,"Deceased_Characters","Secret_Identity",107],["","Illyana_Rasputina_(Earth-616)","Blond_Hair",94,"Female_Characters","Blue_Eyes","May-75",2077,"Neutral_Characters","-/Illyana_Rasputina_(Earth-616)",1975,"Living_Characters","Secret_Identity",380],["","Jack_Power_(Earth-616)","Brown_Hair",395,"Male_Characters","Blue_Eyes","Aug-84",2119,"Good_Characters","-/Jack_Power_(Earth-616)",1984,"Living_Characters","Secret_Identity",106],["","Vision_(Earth-616)","No_Hair",31,"Male_Characters","Gold_Eyes","Oct-68",2414,"Good_Characters","-/Vision_(Earth-616)",1968,"Living_Characters","Secret_Identity",1007],["","Denis_Nayland_Smith_(Earth-616)","Bald",446,"Male_Characters","","Dec-73",41819,"Good_Characters","-/Denis_Nayland_Smith_(Earth-616)",1973,"Deceased_Characters","Secret_Identity",93],["","Cassandra_Lang_(Earth-616)","Blond_Hair",269,"Female_Characters","Blue_Eyes","Apr-79",68280,"Good_Characters","-/Cassandra_Lang_(Earth-616)",1979,"Deceased_Characters","Public_Identity",153],["","Rahne_Sinclair_(Earth-616)","Red_Hair",78,"Female_Characters","Green_Eyes","Nov-82",2007,"Good_Characters","-/Rahne_Sinclair_(Earth-616)",1982,"Living_Characters","Secret_Identity",448],["","Bernadette_Rosenthal_(Earth-616)","Auburn_Hair",469,"Female_Characters","Green_Eyes","Jul-80",37423,"","-/Bernadette_Rosenthal_(Earth-616)",1980,"Living_Characters","No_Dual_Identity",88],["","Molly_Hayes_(Earth-616)","Brown_Hair",464,"Female_Characters","Green_Eyes","3-Jul",14474,"Good_Characters","-/Molly_Hayes_(Earth-616)",2003,"Living_Characters","Secret_Identity",90],["","Arcade_(Earth-616)","Red_Hair",375,"Male_Characters","Blue_Eyes","Jan-78",1091,"Bad_Characters","-/Arcade_(Earth-616)",1978,"Living_Characters","Secret_Identity",111],["","Danielle_Moonstar_(Earth-616)","Black_Hair",89,"Female_Characters","Brown_Eyes","Nov-82",1395,"Good_Characters","-/Danielle_Moonstar_(Earth-616)",1982,"Living_Characters","Secret_Identity",388],["","Franklin_Richards_(Earth-616)","Blond_Hair",75,"Male_Characters","Blue_Eyes","Nov-68",68416,"Good_Characters","-/Franklin_Richards_(Earth-616)",1968,"Living_Characters","No_Dual_Identity",473],["","Roderick_Kingsley_(Earth-616)","Grey_Hair",382,"Male_Characters","Blue_Eyes","Jun-80",1825,"Bad_Characters","-/Roderick_Kingsley_(Earth-616)",1980,"Living_Characters","Public_Identity",108],["","Hepzibah_(Earth-616)","White_Hair",371,"Female_Characters","Green_Eyes","Oct-77",1816,"Good_Characters","-/Hepzibah_(Earth-616)",1977,"Living_Characters","Secret_Identity",112],["","Frankie_Raye_(Earth-616)","Red_Hair",421,"Female_Characters","Blue_Eyes","Nov-75",2240,"Good_Characters","-/Frankie_Raye_(Earth-616)",1975,"Living_Characters","Secret_Identity",98],["","Brian_Braddock_(Earth-616)","Blond_Hair",64,"Male_Characters","Blue_Eyes","Oct-76",1285,"Good_Characters","-/Brian_Braddock_(Earth-616)",1976,"Living_Characters","Public_Identity",528],["","Marlene_Alraune_(Earth-616)","Blond_Hair",264,"Female_Characters","Blue_Eyes","Jun-76",1057,"Good_Characters","-/Marlene_Alraune_(Earth-616)",1976,"Living_Characters","No_Dual_Identity",156],["","Wanda_Maximoff_(Earth-616)","Brown_Hair",25,"Female_Characters","Green_Eyes","Mar-64",2512,"Good_Characters","-/Wanda_Maximoff_(Earth-616)",1964,"Living_Characters","Public_Identity",1161],["","Silver_Sablinova_(Earth-616)","Silver_Hair",258,"Female_Characters","Blue_Eyes","Jun-85",2554,"Good_Characters","-/Silver_Sablinova_(Earth-616)",1985,"Deceased_Characters","Secret_Identity",158],["","James_Buchanan_Barnes_(Earth-616)","Brown_Hair",52,"Male_Characters","Brown_Eyes","Mar-41",15823,"Good_Characters","-/James_Buchanan_Barnes_(Earth-616)",1941,"Living_Characters","Secret_Identity",641],["","Valeria_Richards_(Earth-616)","Blond_Hair",238,"Female_Characters","Blue_Eyes","2-Feb",2115,"Good_Characters","-/Valeria_Richards_(Earth-616)",2002,"Living_Characters","No_Dual_Identity",171],["","Johnathon_Blaze_(Earth-616)","Reddish_Blond_Hair",82,"Male_Characters","Blue_Eyes","Aug-72",1705,"Good_Characters","-/Johnathon_Blaze_(Earth-616)",1972,"Living_Characters","Secret_Identity",426],["","Marrina_Smallwood_(Earth-616)","Green_Hair",490,"Female_Characters","Black_Eyes","Aug-83",2109,"Good_Characters","-/Marrina_Smallwood_(Earth-616)",1983,"Living_Characters","Secret_Identity",82],["","Dmitri_Smerdyakov_(Earth-616)","Variable_Hair",282,"Male_Characters","Variable_Eyes","Mar-63",1316,"Bad_Characters","-/Dmitri_Smerdyakov_(Earth-616)",1963,"Living_Characters","Secret_Identity",146],["","Red_Sonja_(Earth-616)","Red_Hair",334,"Female_Characters","Brown_Eyes","Feb-73",43031,"Good_Characters","-/Red_Sonja_(Earth-616)",1973,"Deceased_Characters","Public_Identity",125],["","Julian_Keller_(Earth-616)","Black_Hair",228,"Male_Characters","Blue_Eyes","3-Aug",39324,"Good_Characters","-/Julian_Keller_(Earth-616)",2003,"Living_Characters","Public_Identity",179],["","Phillip_Masters_(Earth-616)","Bald",407,"Male_Characters","Brown_Eyes","Nov-62",2314,"Bad_Characters","-/Phillip_Masters_(Earth-616)",1962,"Deceased_Characters","Public_Identity",102],["","Paul_Norbert_Ebersol_(Earth-616)","Black_Hair",332,"Male_Characters","Brown_Eyes","Feb-66",2434,"Neutral_Characters","-/Paul_Norbert_Ebersol_(Earth-616)",1966,"Deceased_Characters","Secret_Identity",125],["","Joanna_Cargill_(Earth-616)","Black_Hair",346,"Female_Characters","Brown_Eyes","May-86",7584,"Good_Characters","-/Joanna_Cargill_(Earth-616)",1986,"Living_Characters","Secret_Identity",121],["","Clay_Quartermain_(Earth-616)","Blond_Hair",429,"Male_Characters","Blue_Eyes","Dec-67",15936,"","-/Clay_Quartermain_(Earth-616)",1967,"Deceased_Characters","No_Dual_Identity",97],["","Christopher_Powell_(Earth-616)","Brown_Hair",246,"Male_Characters","Brown_Eyes","Mar-91",1399,"Good_Characters","-/Christopher_Powell_(Earth-616)",1991,"Living_Characters","Secret_Identity",165],["","Todd_Arliss_(Earth-616)","No_Hair",359,"Male_Characters","Grey_Eyes","Sep-68",2474,"Bad_Characters","-/Todd_Arliss_(Earth-616)",1968,"Living_Characters","Secret_Identity",116],["","Zeus_Panhellenios_(Earth-616)","Red_Hair",338,"Male_Characters","Blue_Eyes","Jun-49",1546,"Neutral_Characters","-/Zeus_Panhellenios_(Earth-616)",1949,"Living_Characters","No_Dual_Identity",124],["","Karla_Sofen_(Earth-616)","Blond_Hair",110,"Female_Characters","Blue_Eyes","Dec-75",2185,"Neutral_Characters","-/Karla_Sofen_(Earth-616)",1975,"Living_Characters","Public_Identity",340],["","Maxwell_Dillon_(Earth-616)","Auburn_Hair",188,"Male_Characters","Blue_Eyes","Feb-64",1503,"Bad_Characters","-/Maxwell_Dillon_(Earth-616)",1964,"Living_Characters","Public_Identity",225],["","Layla_Miller_(Earth-616)","Blond_Hair",388,"Female_Characters","Green_Eyes","5-Sep",8930,"Good_Characters","-/Layla_Miller_(Earth-616)",2005,"Living_Characters","No_Dual_Identity",108],["","Everett_Thomas_(Earth-616)","Bald",403,"Male_Characters","Brown_Eyes","Sep-94",2637,"Good_Characters","-/Everett_Thomas_(Earth-616)",1994,"Deceased_Characters","Secret_Identity",103],["","John_Jonah_Jameson_(Earth-616)","Black_Hair",19,"Male_Characters","Blue_Eyes","Mar-63",1872,"Neutral_Characters","-/John_Jonah_Jameson_(Earth-616)",1963,"Living_Characters","No_Dual_Identity",1266],["","Jericho_Drumm_(Earth-616)","Brown_Hair",436,"Male_Characters","Brown_Eyes","Sep-73",1244,"Good_Characters","-/Jericho_Drumm_(Earth-616)",1973,"Deceased_Characters","Public_Identity",96],["","Conan_(Earth-616)","Black_Hair",40,"Male_Characters","Blue_Eyes","Oct-70",25222,"Neutral_Characters","-/Conan_(Earth-616)",1970,"Living_Characters","No_Dual_Identity",787],["","Isaac_Christians_(Earth-616)","Black_Hair",330,"Male_Characters","Blue_Eyes","Apr-81",1686,"Good_Characters","-/Isaac_Christians_(Earth-616)",1981,"Living_Characters","Public_Identity",127],["","Isadore_Cohen_(Earth-616)","",316,"Male_Characters","","May-63",18275,"Good_Characters","-/Isadore_Cohen_(Earth-616)",1963,"Living_Characters","Public_Identity",132],["","Walter_Langkowski_(Earth-616)","Blond_Hair",142,"Male_Characters","Blue_Eyes","Apr-79",2383,"Good_Characters","-/Walter_Langkowski_(Earth-616)",1979,"Living_Characters","Secret_Identity",273],["","Gwendolyne_Stacy_(Earth-616)","Blond_Hair",91,"Female_Characters","Blue_Eyes","Dec-65",1782,"Good_Characters","-/Gwendolyne_Stacy_(Earth-616)",1965,"Deceased_Characters","No_Dual_Identity",384],["","Eros_(Earth-616)","Red_Hair",214,"Male_Characters","Blue_Eyes","Feb-73",1523,"Good_Characters","-/Eros_(Earth-616)",1973,"Living_Characters","Public_Identity",193],["","Karnilla_(Earth-616)","Black_Hair",327,"Female_Characters","Purple_Eyes","Aug-64",1916,"Neutral_Characters","-/Karnilla_(Earth-616)",1964,"Living_Characters","Secret_Identity",127],["","Virginia_Potts_(Earth-616)","Red_Hair",141,"Female_Characters","Green_Eyes","Sep-63",9106,"Good_Characters","-/Virginia_Potts_(Earth-616)",1963,"Living_Characters","No_Dual_Identity",274],["","Rocket_Raccoon_(Earth-616)","Black_Hair",348,"Male_Characters","Brown_Eyes","Jun-76",2359,"Good_Characters","-/Rocket_Raccoon_(Earth-616)",1976,"Living_Characters","No_Dual_Identity",120],["","Robert_Ralston_(Earth-616)","Blond_Hair",278,"Male_Characters","Blue_Eyes","May-63",41613,"Good_Characters","-/Robert_Ralston_(Earth-616)",1963,"Deceased_Characters","No_Dual_Identity",148],["","Megan_Gwynn_(Earth-616)","Pink_Hair",184,"Female_Characters","Black_Eyeballs","4-Nov",15907,"Good_Characters","-/Megan_Gwynn_(Earth-616)",2004,"Living_Characters","Public_Identity",229],["","Yuriko_Oyama_(Earth-616)","Black_Hair",419,"Female_Characters","Brown_Eyes","Aug-83",1955,"Bad_Characters","-/Yuriko_Oyama_(Earth-616)",1983,"Living_Characters","Secret_Identity",99],["","Georges_Batroc_(Earth-616)","Black_Hair",350,"Male_Characters","Brown_Eyes","Mar-66",1146,"Bad_Characters","-/Georges_Batroc_(Earth-616)",1966,"Living_Characters","No_Dual_Identity",119],["","Donald_Pierce_(Earth-616)","Blond_Hair",473,"Male_Characters","Blue_Eyes","Jan-80",1776,"Bad_Characters","-/Donald_Pierce_(Earth-616)",1980,"Deceased_Characters","Secret_Identity",86],["","Frank_Drake_(Earth-616)","Blond_Hair",365,"Male_Characters","Blue_Eyes","Apr-72",1479,"Good_Characters","-/Frank_Drake_(Earth-616)",1972,"Living_Characters","No_Dual_Identity",114],["","Gaea_(Earth-616)","",453,"Female_Characters","","Feb-75",1674,"Good_Characters","-/Gaea_(Earth-616)",1975,"Living_Characters","Secret_Identity",92],["","Phoebe_Cuckoo_(Earth-616)","Blond_Hair",236,"Female_Characters","Blue_Eyes","1-Nov",57564,"Good_Characters","-/Phoebe_Cuckoo_(Earth-616)",2001,"Living_Characters","Secret_Identity",174],["","Skurge_(Earth-616)","Black_Hair",467,"Male_Characters","Blue_Eyes","Apr-64",1529,"Bad_Characters","-/Skurge_(Earth-616)",1964,"Deceased_Characters","Secret_Identity",88],["","May_Reilly_(Earth-616)","Grey_Hair",32,"Female_Characters","Blue_Eyes","Aug-62",8650,"Good_Characters","-/May_Reilly_(Earth-616)",1962,"Living_Characters","No_Dual_Identity",1000],["","Simon_Williams_(Earth-616)","Grey_Hair",50,"Male_Characters","Red_Eyes","Oct-64",2009,"Good_Characters","-/Simon_Williams_(Earth-616)",1964,"Living_Characters","Public_Identity",686],["","Greer_Grant_(Earth-616)","Black_Hair",109,"Female_Characters","Green_Eyes","Nov-72",2440,"Good_Characters","-/Greer_Grant_(Earth-616)",1972,"Living_Characters","Public_Identity",342],["","Triton_(Earth-616)","No_Hair",171,"Male_Characters","Green_Eyes","Dec-65",2497,"Good_Characters","-/Triton_(Earth-616)",1965,"Living_Characters","No_Dual_Identity",240],["","Ultron_(Earth-616)","No_Hair",224,"Male_Characters","Red_Eyes","Jul-68",1576,"Bad_Characters","-/Ultron_(Earth-616)",1968,"Deceased_Characters","No_Dual_Identity",181],["","Elizabeth_Ross_(Earth-616)","Black_Hair",79,"Female_Characters","Blue_Eyes","May-62",1130,"Good_Characters","-/Elizabeth_Ross_(Earth-616)",1962,"Living_Characters","Public_Identity",446],["","John_Jonah_Jameson_III_(Earth-616)","Auburn_Hair",170,"Male_Characters","Brown_Eyes","Mar-63",76396,"Good_Characters","-/John_Jonah_Jameson_III_(Earth-616)",1963,"Living_Characters","No_Dual_Identity",240],["","Calvin_Zabo_(Earth-616)","Brown_Hair",261,"Male_Characters","Brown_Eyes","Dec-63",2168,"Bad_Characters","-/Calvin_Zabo_(Earth-616)",1963,"Living_Characters","Secret_Identity",157],["","Brunnhilde_(Earth-616)","Blond_Hair",105,"Female_Characters","Blue_Eyes","Dec-70",2392,"Good_Characters","-/Brunnhilde_(Earth-616)",1970,"Living_Characters","Secret_Identity",361],["","Jessica_Drew_(Earth-616)","Auburn_Hair",76,"Female_Characters","Green_Eyes","Feb-77",2589,"Good_Characters","-/Jessica_Drew_(Earth-616)",1977,"Living_Characters","Secret_Identity",471],["","Gamora_(Earth-616)","Black_Hair",194,"Female_Characters","Yellow_Eyes","Jun-75",1684,"Neutral_Characters","-/Gamora_(Earth-616)",1975,"Living_Characters","No_Dual_Identity",218],["","Herman_Schultz_(Earth-616)","Brown_Hair",287,"Male_Characters","Brown_Eyes","Mar-67",2543,"Bad_Characters","-/Herman_Schultz_(Earth-616)",1967,"Living_Characters","Public_Identity",145],["","Daimon_Hellstrom_(Earth-616)","Red_Hair",169,"Male_Characters","Red_Eyes","Sep-73",1813,"Neutral_Characters","-/Daimon_Hellstrom_(Earth-616)",1973,"Living_Characters","No_Dual_Identity",242],["","Abner_Jenkins_(Earth-616)","Brown_Hair",137,"Male_Characters","Brown_Eyes","Aug-64",4565,"Good_Characters","-/Abner_Jenkins_(Earth-616)",1964,"Living_Characters","Public_Identity",284],["","Brandy_Clark_(Earth-616)","Brown_Hair",498,"Female_Characters","","Dec-79",15200,"Good_Characters","-/Brandy_Clark_(Earth-616)",1979,"Living_Characters","Public_Identity",79],["","Frank_Castle_(Earth-616)","Black_Hair",37,"Male_Characters","Blue_Eyes","Feb-74",2312,"Neutral_Characters","-/Frank_Castle_(Earth-616)",1974,"Living_Characters","Public_Identity",878],["","Maria_Hill_(Earth-616)","Black_Hair",116,"Female_Characters","Brown_Eyes","5-Apr",20978,"Good_Characters","-/Maria_Hill_(Earth-616)",2005,"Living_Characters","No_Dual_Identity",325],["","Quentin_Beck_(Earth-616)","Bald",226,"Male_Characters","Blue_Eyes","Jun-64",2715,"Bad_Characters","-/Quentin_Beck_(Earth-616)",1964,"Living_Characters","Secret_Identity",180],["","Eternity_(Earth-616)","No_Hair",410,"","Black_Eyes","Nov-65",1526,"Neutral_Characters","-/Eternity_(Earth-616)",1965,"Living_Characters","Secret_Identity",100],["","Mary_Walker_(Earth-616)","Brown_Hair",376,"Female_Characters","Brown_Eyes","May-88",4703,"Bad_Characters","-/Mary_Walker_(Earth-616)",1988,"Living_Characters","Secret_Identity",111],["","Laynia_Petrovna_(Earth-616)","Blond_Hair",479,"Female_Characters","Brown_Eyes","Aug-76",1402,"Good_Characters","-/Laynia_Petrovna_(Earth-616)",1976,"Living_Characters","Secret_Identity",84],["","Henry_McCoy_(Earth-616)","Blue_Hair",11,"Male_Characters","Blue_Eyes","Sep-63",15725,"Good_Characters","-/Henry_McCoy_(Earth-616)",1963,"Living_Characters","Public_Identity",1825],["","Mad_Thinker_(Earth-616)","Brown_Hair",312,"Male_Characters","Blue_Eyes","Jun-63",2061,"Bad_Characters","-/Mad_Thinker_(Earth-616)",1963,"Living_Characters","Secret_Identity",133],["","Hogun_(Earth-616)","Black_Hair",101,"Male_Characters","Grey_Eyes","Aug-65",1827,"Good_Characters","-/Hogun_(Earth-616)",1965,"Living_Characters","Public_Identity",371],["","Wendell_Vaughn_(Earth-616)","Blond_Hair",135,"Male_Characters","Blue_Eyes","Jan-78",6633,"Good_Characters","-/Wendell_Vaughn_(Earth-616)",1978,"Living_Characters","Secret_Identity",290],["","Balder_Odinson_(Earth-616)","Brown_Hair",87,"Male_Characters","Blue_Eyes","Oct-62",1127,"Good_Characters","-/Balder_Odinson_(Earth-616)",1962,"Deceased_Characters","Secret_Identity",403],["","Chase_Stein_(Earth-616)","Blond_Hair",413,"Male_Characters","Blue_Eyes","3-Jul",14479,"Good_Characters","-/Chase_Stein_(Earth-616)",2003,"Living_Characters","No_Dual_Identity",100],["","Rachel_Leighton_(Earth-616)","Brown_Hair",265,"Female_Characters","Green_Eyes","Oct-85",1435,"Good_Characters","-/Rachel_Leighton_(Earth-616)",1985,"Living_Characters","Secret_Identity",156],["","Jocasta_(Earth-616)","No_Hair",296,"Female_Characters","Red_Eyes","Aug-77",1891,"Good_Characters","-/Jocasta_(Earth-616)",1977,"Living_Characters","No_Dual_Identity",140],["","Vashti_Cleito-Son_(Earth-616)","White_Hair",451,"Male_Characters","","Sep-65",2398,"Good_Characters","-/Vashti_Cleito-Son_(Earth-616)",1965,"Living_Characters","Secret_Identity",92],["","Danielle_Cage_(Earth-616)","Black_Hair",482,"Female_Characters","Green_Eyes","6-Mar",76341,"Good_Characters","-/Danielle_Cage_(Earth-616)",2006,"Living_Characters","No_Dual_Identity",84],["","Namor_McKenzie_(Earth-616)","Black_Hair",13,"Male_Characters","Green_Eyes","",7823,"Neutral_Characters","-/Namor_McKenzie_(Earth-616)",null,"Living_Characters","No_Dual_Identity",1528],["","Theodore_Sallis_(Earth-616)","No_Hair",163,"Male_Characters","Red_Eyes","May-71",2097,"Good_Characters","-/Theodore_Sallis_(Earth-616)",1971,"Living_Characters","Secret_Identity",249],["","Acroyear_(Earth-616)","No_Hair",418,"Male_Characters","Grey_Eyes","Jan-79",16583,"Good_Characters","-/Acroyear_(Earth-616)",1979,"Living_Characters","No_Dual_Identity",99],["Bisexual_Characters","Akihiro_(Earth-616)","Black_Hair",218,"Male_Characters","Blue_Eyes","6-Oct",51769,"Bad_Characters","-/Akihiro_(Earth-616)",2006,"Living_Characters","Secret_Identity",189],["Bisexual_Characters","Loki_Laufeyson_(Earth-616)","Black_Hair",62,"Genderfluid_Characters","Green_Eyes","Aug-49",2042,"Neutral_Characters","-/Loki_Laufeyson_(Earth-616)",1949,"Living_Characters","No_Dual_Identity",532],["Bisexual_Characters","Marlo_Chandler_(Earth-616)","Red_Hair",319,"Female_Characters","Blue_Eyes","Sep-88",18271,"Good_Characters","-/Marlo_Chandler_(Earth-616)",1988,"Living_Characters","Public_Identity",131],["Bisexual_Characters","Natalia_Romanova_(Earth-616)","Red_Hair",29,"Female_Characters","Green_Eyes","Apr-64",6545,"Good_Characters","-/Natalia_Romanova_(Earth-616)",1964,"Living_Characters","Public_Identity",1050],["Bisexual_Characters","Heather_Douglas_(Earth-616)","Bald",118,"Female_Characters","Blue_Eyes","Jan-73",2182,"Good_Characters","-/Heather_Douglas_(Earth-616)",1973,"Living_Characters","Secret_Identity",323],["Bisexual_Characters","Hercules_(Earth-616)","Brown_Hair",43,"Male_Characters","Blue_Eyes","Oct-65",1818,"Good_Characters","-/Hercules_(Earth-616)",1965,"Living_Characters","No_Dual_Identity",725],["Bisexual_Characters","Doop_(Earth-616)","Black_Hair",369,"Male_Characters","Variable_Eyes","1-Jul",1465,"Good_Characters","-/Doop_(Earth-616)",2001,"Living_Characters","No_Dual_Identity",113],["Bisexual_Characters","Elizabeth_Braddock_(Earth-616)","Purple_Hair",46,"Female_Characters","Blue_Eyes","Dec-76",2307,"Neutral_Characters","-/Elizabeth_Braddock_(Earth-616)",1976,"Living_Characters","Secret_Identity",708],["Bisexual_Characters","Irene_Adler_(Earth-616)","Silver_Hair",489,"Female_Characters","White_Eyes","Jan-81",1424,"Neutral_Characters","-/Irene_Adler_(Earth-616)",1981,"Deceased_Characters","Secret_Identity",82],["Bisexual_Characters","Raven_Darkholme_(Earth-616)","Red_Hair",102,"Female_Characters","Yellow_Eyes","Apr-78",55878,"Bad_Characters","-/Raven_Darkholme_(Earth-616)",1978,"Living_Characters","Secret_Identity",371],["Bisexual_Characters","David_Alleyne_(Earth-616)","Black_Hair",370,"Male_Characters","Brown_Eyes","3-Oct",2298,"Good_Characters","-/David_Alleyne_(Earth-616)",2003,"Living_Characters","Secret_Identity",113],["Homosexual_Characters","Julio_Richter_(Earth-616)","Brown_Hair",182,"Male_Characters","Brown_Eyes","Jun-87",2353,"Good_Characters","-/Julio_Richter_(Earth-616)",1987,"Living_Characters","Secret_Identity",231],["Homosexual_Characters","Dorrek_VIII_(Earth-616)","Blond_Hair",405,"Male_Characters","Blue_Eyes","5-Apr",6636,"Good_Characters","-/Dorrek_VIII_(Earth-616)",2005,"Living_Characters","Public_Identity",103],["Homosexual_Characters","Victoria_Hand_(Earth-616)","Black_Hair",427,"Female_Characters","Hazel_Eyes","9-Feb",195422,"Neutral_Characters","-/Victoria_Hand_(Earth-616)",2009,"Deceased_Characters","No_Dual_Identity",98],["Homosexual_Characters","Roxanne_Washington_(Earth-616)","",494,"Female_Characters","","5-Aug",15933,"","-/Roxanne_Washington_(Earth-616)",2005,"Living_Characters","Secret_Identity",81],["Homosexual_Characters","Chili_Storm_(Earth-616)","Red_Hair",136,"Female_Characters","Green_Eyes","Oct-48",100716,"","-/Chili_Storm_(Earth-616)",1948,"Living_Characters","Public_Identity",284],["Homosexual_Characters","Jonathan_Clay_(Earth-616)","Red_Hair",176,"Male_Characters","Blue_Eyes","Aug-60",2335,"Good_Characters","-/Jonathan_Clay_(Earth-616)",1960,"Living_Characters","Secret_Identity",237],["Homosexual_Characters","Victor_Borkowski_(Earth-616)","Black_Hair",222,"Male_Characters","Brown_Eyes","3-Aug",15901,"Good_Characters","-/Victor_Borkowski_(Earth-616)",2003,"Living_Characters","Secret_Identity",184],["Homosexual_Characters","William_Kaplan_(Earth-616)","Black_Hair",356,"Male_Characters","Brown_Eyes","5-Apr",6637,"Good_Characters","-/William_Kaplan_(Earth-616)",2005,"Living_Characters","Secret_Identity",119],["Homosexual_Characters","Jean-Paul_Beaubier_(Earth-616)","Black_Hair",126,"Male_Characters","Blue_Eyes","Apr-79",2238,"Good_Characters","-/Jean-Paul_Beaubier_(Earth-616)",1979,"Living_Characters","Secret_Identity",313],["Homosexual_Characters","Karolina_Dean_(Earth-616)","Blond_Hair",475,"Female_Characters","Blue_Eyes","3-Jul",14482,"Good_Characters","-/Karolina_Dean_(Earth-616)",2003,"Living_Characters","Secret_Identity",86],["Homosexual_Characters","Miguel_Santos_(Earth-616)","Black_Hair",377,"Male_Characters","Brown_Eyes","Oct-90",2029,"Good_Characters","-/Miguel_Santos_(Earth-616)",1990,"Living_Characters","Secret_Identity",111],["Pansexual_Characters","Julie_Power_(Earth-616)","Strawberry_Blond_Hair",276,"Female_Characters","Blue_Eyes","Aug-84",2023,"Good_Characters","-/Julie_Power_(Earth-616)",1984,"Living_Characters","Secret_Identity",150],["Transvestites","Deadpool_(Wade_Wilson)","Bald",72,"Male_Characters","Brown_Eyes","Feb-91",1409,"Neutral_Characters","-/Deadpool_(Wade_Wilson)",1991,"Living_Characters","Secret_Identity",500]],"headers":["GSM","name_1","HAIR","MARVEL_HEROS","SEX","EYE","FIRST_APPEARANCE","page_id","ALIGN","urlslug","Year","ALIVE","ID","APPEARANCES"],"rawHeaders":["GSM","NAME_1","HAIR","MARVEL_HEROS","SEX","EYE","FIRST_APPEARANCE","PAGE_ID","ALIGN","URLSLUG","YEAR","ALIVE","ID","APPEARANCES"]},"format":{"type":"TABLE"},"headerInfo":[{"alias":"GSM","header":"GSM","type":"STRING","derived":false},{"alias":"name_1","header":"name_1","type":"STRING","derived":false},{"alias":"HAIR","header":"HAIR","type":"STRING","derived":false},{"alias":"MARVEL_HEROS","header":"MARVEL_HEROS","type":"NUMBER","derived":false},{"alias":"SEX","header":"SEX","type":"STRING","derived":false},{"alias":"EYE","header":"EYE","type":"STRING","derived":false},{"alias":"FIRST_APPEARANCE","header":"FIRST_APPEARANCE","type":"STRING","derived":false},{"alias":"page_id","header":"page_id","type":"NUMBER","derived":false},{"alias":"ALIGN","header":"ALIGN","type":"STRING","derived":false},{"alias":"urlslug","header":"urlslug","type":"STRING","derived":false},{"alias":"Year","header":"Year","type":"NUMBER","derived":false},{"alias":"ALIVE","header":"ALIVE","type":"STRING","derived":false},{"alias":"ID","header":"ID","type":"STRING","derived":false},{"alias":"APPEARANCES","header":"APPEARANCES","type":"NUMBER","derived":false}],"sortInfo":[],"numCollected":500,"taskOptions":{"0":{"layout":"Grid","alignment":{"label":["GSM","name_1","HAIR","MARVEL_HEROS","SEX","EYE","FIRST_APPEARANCE","page_id","ALIGN","urlslug","Year","ALIVE","ID","APPEARANCES"]}}},"filterInfo":[],"taskId":"task1"},"operationType":["TASK_DATA"]}]}