["SIMPLE",{"left":{"pixelType":"COLUMN","class":"prerna.query.querystruct.selectors.QueryColumnSelector","value":["COLUMN",{"table":"EYE","column":"PRIM_KEY_PLACEHOLDER","alias":"EYE","tableAlias":null}],"opType":["OPERATION"]},"comparator":"==","right":{"pixelType":"CONST_STRING","class":"java.util.ArrayList","value":[["No_Eyes","Black_Eyes","Gold_Eyes","Variable_Eyes","Purple_Eyes","Blue_Eyes","Pink_Eyes","Brown_Eyes","Yellow_Eyes","Red_Eyes","Orange_Eyes","Silver_Eyes","White_Eyes","Hazel_Eyes","Green_Eyes",""]],"opType":["OPERATION"]}}]