{"insightID":"a70f1b66-927e-42ca-ab0f-f3c82a3be4cd","pixelReturn":[{"pixelExpression":"if ( ( HasDuplicates ( ALIVE ) ) , ( Select ( ALIVE , Count ( ID ) ) .as ( [ ALIVE , CountofID ] ) | Group ( ALIVE ) | With ( Panel ( 0 ) ) | Format ( type = [ 'table' ] ) | TaskOptions ( { \"0\" : { \"layout\" : \"Column\" , \"alignment\" : { \"label\" : [ \"ALIVE\" ] , \"value\" : [ \"CountofID\" ] , \"tooltip\" : [ ] , \"facet\" : [ ] } } } ) | Collect ( 500 ) ) , ( Select ( ALIVE , Count ( ID ) ) .as ( [ ALIVE , CountofID ] ) | Group ( ALIVE ) | With ( Panel ( 0 ) ) | Format ( type = [ 'table' ] ) | TaskOptions ( { \"0\" : { \"layout\" : \"Column\" , \"alignment\" : { \"label\" : [ \"ALIVE\" ] , \"value\" : [ \"CountofID\" ] , \"tooltip\" : [ ] , \"facet\" : [ ] } } } ) | Collect ( 500 ) ) ) ;","isMeta":false,"output":{"data":{"values":[["",3.0],["Deceased_Characters",3717.0],["Living_Characters",12500.0]],"headers":["ALIVE","CountofID"],"rawHeaders":["ALIVE","CountofID"]},"format":{"type":"TABLE"},"headerInfo":[{"alias":"ALIVE","header":"ALIVE","type":"STRING","derived":false},{"alias":"CountofID","header":"CountofID","calculatedBy":"ID","math":"Count","groupBy":["ALIVE"],"type":"NUMBER","derived":true}],"sortInfo":[],"numCollected":500,"taskOptions":{"0":{"layout":"Column","alignment":{"tooltip":[],"label":["ALIVE"],"value":["CountofID"],"facet":[]}}},"filterInfo":[],"taskId":"task1"},"operationType":["TASK_DATA"]},{"pixelExpression":"if ( ( HasDuplicates ( SEX ) ) , ( Select ( SEX , Count ( ID ) ) .as ( [ SEX , CountofID ] ) | Group ( SEX ) | With ( Panel ( 1 ) ) | Format ( type = [ 'table' ] ) | TaskOptions ( { \"1\" : { \"layout\" : \"Pie\" , \"alignment\" : { \"label\" : [ \"SEX\" ] , \"value\" : [ \"CountofID\" ] , \"tooltip\" : [ ] , \"facet\" : [ ] } } } ) | Collect ( 500 ) ) , ( Select ( SEX , Count ( ID ) ) .as ( [ SEX , CountofID ] ) | Group ( SEX ) | With ( Panel ( 1 ) ) | Format ( type = [ 'table' ] ) | TaskOptions ( { \"1\" : { \"layout\" : \"Pie\" , \"alignment\" : { \"label\" : [ \"SEX\" ] , \"value\" : [ \"CountofID\" ] , \"tooltip\" : [ ] , \"facet\" : [ ] } } } ) | Collect ( 500 ) ) ) ;","isMeta":false,"output":{"data":{"values":[["",854.0],["Agender_Characters",45.0],["Female_Characters",3799.0],["Genderfluid_Characters",2.0],["Male_Characters",11520.0]],"headers":["SEX","CountofID"],"rawHeaders":["SEX","CountofID"]},"format":{"type":"TABLE"},"headerInfo":[{"alias":"SEX","header":"SEX","type":"STRING","derived":false},{"alias":"CountofID","header":"CountofID","calculatedBy":"ID","math":"Count","groupBy":["SEX"],"type":"NUMBER","derived":true}],"sortInfo":[],"numCollected":500,"taskOptions":{"1":{"layout":"Pie","alignment":{"tooltip":[],"label":["SEX"],"value":["CountofID"],"facet":[]}}},"filterInfo":[],"taskId":"task11"},"operationType":["TASK_DATA"]},{"pixelExpression":"ifError ( ( Frame ( ) | Select ( ALIVE , Count ( ID ) ) .as ( [ ALIVE , CountofID ] ) | Group ( ALIVE ) | With ( Panel ( 0 ) ) | Format ( type = [ 'table' ] ) | TaskOptions ( { \"0\" : { \"layout\" : \"Column\" , \"alignment\" : { \"label\" : [ \"ALIVE\" ] , \"value\" : [ \"CountofID\" ] } } } ) | Collect ( 500 ) ) , ( true ) ) ;","isMeta":false,"output":{"data":{"values":[["",3.0],["Deceased_Characters",3717.0],["Living_Characters",12500.0]],"headers":["ALIVE","CountofID"],"rawHeaders":["ALIVE","CountofID"]},"format":{"type":"TABLE"},"headerInfo":[{"alias":"ALIVE","header":"ALIVE","type":"STRING","derived":false},{"alias":"CountofID","header":"CountofID","calculatedBy":"ID","math":"Count","groupBy":["ALIVE"],"type":"NUMBER","derived":true}],"sortInfo":[],"numCollected":500,"taskOptions":{"0":{"layout":"Column","alignment":{"label":["ALIVE"],"value":["CountofID"]}}},"filterInfo":[],"taskId":"task3"},"operationType":["TASK_DATA"]},{"pixelExpression":"ifError ( ( Frame ( ) | Select ( SEX , Count ( ID ) ) .as ( [ SEX , CountofID ] ) | Group ( SEX ) | With ( Panel ( 1 ) ) | Format ( type = [ 'table' ] ) | TaskOptions ( { \"1\" : { \"layout\" : \"Pie\" , \"alignment\" : { \"label\" : [ \"SEX\" ] , \"value\" : [ \"CountofID\" ] } } } ) | Collect ( 500 ) ) , ( true ) ) ;","isMeta":false,"output":{"data":{"values":[["",854.0],["Agender_Characters",45.0],["Female_Characters",3799.0],["Genderfluid_Characters",2.0],["Male_Characters",11520.0]],"headers":["SEX","CountofID"],"rawHeaders":["SEX","CountofID"]},"format":{"type":"TABLE"},"headerInfo":[{"alias":"SEX","header":"SEX","type":"STRING","derived":false},{"alias":"CountofID","header":"CountofID","calculatedBy":"ID","math":"Count","groupBy":["SEX"],"type":"NUMBER","derived":true}],"sortInfo":[],"numCollected":500,"taskOptions":{"1":{"layout":"Pie","alignment":{"label":["SEX"],"value":["CountofID"]}}},"filterInfo":[],"taskId":"task13"},"operationType":["TASK_DATA"]},{"pixelExpression":"ifError ( ( Frame ( ) | Select ( EYE , Count ( ID ) ) .as ( [ EYE , CountofID ] ) | Group ( EYE ) | With ( Panel ( 2 ) ) | Format ( type = [ 'table' ] ) | TaskOptions ( { \"2\" : { \"layout\" : \"Line\" , \"alignment\" : { \"label\" : [ \"EYE\" ] , \"value\" : [ \"CountofID\" ] } } } ) | Collect ( 500 ) ) , ( true ) ) ;","isMeta":false,"output":{"data":{"values":[["",9767.0],["Black_Eyes",555.0],["Blue_Eyes",1962.0],["Brown_Eyes",1924.0],["Gold_Eyes",14.0],["Green_Eyes",613.0],["Hazel_Eyes",76.0],["No_Eyes",7.0],["Orange_Eyes",25.0],["Pink_Eyes",21.0],["Purple_Eyes",31.0],["Red_Eyes",508.0],["Silver_Eyes",12.0],["Variable_Eyes",49.0],["White_Eyes",400.0],["Yellow_Eyes",256.0]],"headers":["EYE","CountofID"],"rawHeaders":["EYE","CountofID"]},"format":{"type":"TABLE"},"headerInfo":[{"alias":"EYE","header":"EYE","type":"STRING","derived":false},{"alias":"CountofID","header":"CountofID","calculatedBy":"ID","math":"Count","groupBy":["EYE"],"type":"NUMBER","derived":true}],"sortInfo":[],"numCollected":500,"taskOptions":{"2":{"layout":"Line","alignment":{"label":["EYE"],"value":["CountofID"]}}},"filterInfo":[],"taskId":"task15"},"operationType":["TASK_DATA"]}]}